Ids,sentiment,sarcasm,vulgar,abuse,target
image_1.jpg,Negative,Yes,Not Vulgar,Abusive,Political
image_2.jpg,Negative,Yes,Vulgar,Non-abusive,None
image_3.jpg,Neutral,Yes,Not Vulgar,Non-abusive,Political
image_4.jpg,Neutral,No,Vulgar,Non-abusive,Political
image_5.jpg,Negative,Yes,Not Vulgar,Non-abusive,Political
image_6.jpg,Negative,Yes,Not Vulgar,Abusive,Individual
image_7.jpg,Negative,Yes,Not Vulgar,Abusive,Others
image_8.jpg,Negative,Yes,Vulgar,Abusive,Individual
image_9.jpg,Neutral,Yes,Not Vulgar,Non-abusive,Political
image_10.jpg,Negative,Yes,Not Vulgar,Non-abusive,Political
image_11.jpg,Negative,No,Not Vulgar,Abusive,Individual
image_12.jpg,Negative,Yes,Not Vulgar,Non-abusive,Religion
image_13.jpg,Negative,No,Vulgar,Abusive,Individual
image_14.jpg,Negative,No,Vulgar,Non-abusive,Religion
image_15.jpg,Negative,Yes,Not Vulgar,Non-abusive,Religion
image_16.jpg,Negative,Yes,Vulgar,Abusive,Individual
image_17.jpg,Positive,No,Not Vulgar,Non-abusive,None
image_18.jpg,Negative,Yes,Not Vulgar,Abusive,Individual
image_19.jpg,Negative,No,Not Vulgar,Non-abusive,None
image_20.jpg,Negative,Yes,Not Vulgar,Abusive,Political
image_21.jpg,Neutral,Yes,Not Vulgar,Non-abusive,Political
image_22.jpg,Positive,No,Not Vulgar,Non-abusive,Political
image_23.jpg,Neutral,No,Not Vulgar,Non-abusive,Political
image_24.jpg,Negative,No,Vulgar,Abusive,Individual
image_25.jpg,Positive,No,Not Vulgar,Non-abusive,Individual
image_26.jpg,Negative,Yes,Not Vulgar,Non-abusive,Others
image_27.jpg,Neutral,No,Not Vulgar,Non-abusive,Political
image_28.jpg,Negative,Yes,Vulgar,Abusive,Religion
image_29.jpg,Negative,No,Not Vulgar,Abusive,Individual
image_30.jpg,Negative,No,Vulgar,Abusive,Individual
image_31.jpg,Neutral,Yes,Vulgar,Abusive,Individual
image_32.jpg,Negative,No,Vulgar,Abusive,Individual
image_33.jpg,Neutral,No,Not Vulgar,Non-abusive,Political
image_34.jpg,Negative,Yes,Not Vulgar,Non-abusive,None
image_35.jpg,Negative,No,Not Vulgar,Abusive,Individual
image_36.jpg,Negative,Yes,Vulgar,Abusive,Individual
image_37.jpg,Negative,No,Not Vulgar,Non-abusive,Political
image_38.jpg,Neutral,Yes,Vulgar,Non-abusive,Gender
image_39.jpg,Negative,No,Vulgar,Non-abusive,Political
image_40.jpg,Negative,Yes,Vulgar,Non-abusive,None
image_41.jpg,Negative,Yes,Vulgar,Abusive,Individual
image_42.jpg,Negative,Yes,Vulgar,Non-abusive,None
image_43.jpg,Positive,No,Not Vulgar,Non-abusive,None
image_44.jpg,Neutral,Yes,Not Vulgar,Non-abusive,None
image_45.jpg,Neutral,No,Not Vulgar,Non-abusive,Political
image_46.jpg,Negative,No,Not Vulgar,Non-abusive,Political
image_47.jpg,Negative,Yes,Not Vulgar,Non-abusive,Political
image_48.jpg,Neutral,No,Not Vulgar,Non-abusive,Others
image_49.jpg,Neutral,Yes,Vulgar,Non-abusive,None
image_50.jpg,Neutral,Yes,Not Vulgar,Non-abusive,None
image_51.jpg,Neutral,No,Not Vulgar,Non-abusive,None
image_52.jpg,Neutral,No,Not Vulgar,Non-abusive,None
image_53.jpg,Negative,Yes,Not Vulgar,Abusive,Individual
image_54.jpg,Negative,Yes,Vulgar,Non-abusive,None
image_55.jpg,Positive,Yes,Not Vulgar,Non-abusive,Individual
image_56.jpg,Negative,No,Not Vulgar,Abusive,Political
image_57.jpg,Neutral,Yes,Not Vulgar,Non-abusive,Individual
image_58.jpg,Negative,Yes,Vulgar,Abusive,Individual
image_59.jpg,Positive,No,Not Vulgar,Non-abusive,Political
image_60.jpg,Negative,Yes,Vulgar,Non-abusive,Individual
image_61.jpg,Negative,Yes,Not Vulgar,Non-abusive,Individual
image_62.jpg,Neutral,No,Not Vulgar,Non-abusive,Political
image_63.jpg,Negative,No,Not Vulgar,Abusive,Political
image_64.jpg,Positive,No,Not Vulgar,Non-abusive,Individual
image_65.jpg,Negative,No,Not Vulgar,Abusive,Political
image_66.jpg,Neutral,No,Not Vulgar,Non-abusive,None
image_67.jpg,Negative,Yes,Vulgar,Abusive,Individual
image_68.jpg,Negative,Yes,Not Vulgar,Non-abusive,Political
image_69.jpg,Negative,Yes,Vulgar,Non-abusive,None
image_70.jpg,Neutral,No,Not Vulgar,Non-abusive,None
image_71.jpg,Neutral,Yes,Not Vulgar,Non-abusive,Individual
image_72.jpg,Positive,Yes,Vulgar,Abusive,Individual
image_73.jpg,Neutral,Yes,Not Vulgar,Abusive,Individual
image_74.jpg,Neutral,Yes,Not Vulgar,Non-abusive,Individual
image_75.jpg,Neutral,No,Not Vulgar,Non-abusive,None
image_76.jpg,Negative,Yes,Not Vulgar,Abusive,Individual
image_77.jpg,Neutral,Yes,Not Vulgar,Non-abusive,None
image_78.jpg,Neutral,Yes,Not Vulgar,Non-abusive,None
image_79.jpg,Negative,Yes,Vulgar,Abusive,Religion
image_80.jpg,Neutral,No,Not Vulgar,Non-abusive,Individual
image_81.jpg,Negative,No,Not Vulgar,Abusive,Political
image_82.jpg,Neutral,Yes,Not Vulgar,Non-abusive,None
image_83.jpg,Negative,No,Not Vulgar,Abusive,Religion
image_84.jpg,Negative,No,Vulgar,Abusive,Political
image_85.jpg,Neutral,Yes,Not Vulgar,Non-abusive,None
image_86.jpg,Negative,No,Vulgar,Abusive,Individual
image_87.jpg,Negative,Yes,Vulgar,Abusive,Individual
image_88.jpg,Neutral,No,Not Vulgar,Non-abusive,Individual
image_89.jpg,Negative,Yes,Vulgar,Non-abusive,None
image_90.jpg,Neutral,No,Not Vulgar,Non-abusive,Political
image_91.jpg,Negative,Yes,Vulgar,Abusive,Individual
image_92.jpg,Negative,No,Vulgar,Abusive,Political
image_93.jpg,Neutral,Yes,Not Vulgar,Non-abusive,Individual
image_94.jpg,Negative,Yes,Vulgar,Non-abusive,Political
image_95.jpg,Negative,Yes,Vulgar,Non-abusive,None
image_96.jpg,Positive,No,Not Vulgar,Non-abusive,Individual
image_97.jpg,Negative,Yes,Vulgar,Abusive,Political
image_98.jpg,Positive,No,Not Vulgar,Non-abusive,Individual
image_99.jpg,Neutral,Yes,Not Vulgar,Non-abusive,Political
image_100.jpg,Positive,No,Not Vulgar,Non-abusive,None
image_101.jpg,Neutral,Yes,Not Vulgar,Non-abusive,Individual
image_102.jpg,Negative,No,Vulgar,Non-abusive,Political
image_103.jpg,Neutral,No,Vulgar,Non-abusive,Political
image_104.jpg,Negative,Yes,Not Vulgar,Non-abusive,Individual
image_105.jpg,Negative,No,Not Vulgar,Non-abusive,Political
image_106.jpg,Negative,Yes,Vulgar,Abusive,Political
image_107.jpg,Negative,No,Not Vulgar,Non-abusive,None
image_108.jpg,Negative,No,Not Vulgar,Abusive,Religion
image_109.jpg,Negative,Yes,Vulgar,Abusive,Individual
image_110.jpg,Neutral,No,Not Vulgar,Non-abusive,None
image_111.jpg,Negative,Yes,Not Vulgar,Abusive,National Origin#Political
image_112.jpg,Neutral,Yes,Not Vulgar,Abusive,Religion
image_113.jpg,Negative,Yes,Vulgar,Abusive,Religion
image_114.jpg,Negative,Yes,Not Vulgar,Non-abusive,Others
image_115.jpg,Neutral,Yes,Not Vulgar,Non-abusive,Political
image_116.jpg,Negative,Yes,Vulgar,Non-abusive,Political
image_117.jpg,Neutral,Yes,Not Vulgar,Abusive,Individual
image_118.jpg,Negative,Yes,Vulgar,Abusive,Religion
image_119.jpg,Neutral,No,Not Vulgar,Non-abusive,None
image_120.jpg,Negative,Yes,Not Vulgar,Abusive,Individual
image_121.jpg,Negative,Yes,Not Vulgar,Non-abusive,Political
image_122.jpg,Negative,Yes,Vulgar,Abusive,Religion
image_123.jpg,Negative,No,Not Vulgar,Non-abusive,Individual
image_124.jpg,Negative,No,Not Vulgar,Abusive,Others
image_125.jpg,Neutral,Yes,Not Vulgar,Non-abusive,None
image_126.jpg,Neutral,No,Not Vulgar,Non-abusive,Political
image_127.jpg,Negative,No,Not Vulgar,Abusive,Political
image_128.jpg,Negative,Yes,Not Vulgar,Non-abusive,Political
image_129.jpg,Negative,No,Not Vulgar,Abusive,Religion
image_130.jpg,Negative,No,Not Vulgar,Non-abusive,Political
image_131.jpg,Negative,No,Not Vulgar,Non-abusive,Individual
image_132.jpg,Negative,No,Not Vulgar,Abusive,Political
image_133.jpg,Neutral,Yes,Not Vulgar,Non-abusive,Political
image_134.jpg,Neutral,Yes,Not Vulgar,Non-abusive,Religion
image_135.jpg,Negative,No,Vulgar,Abusive,Individual
image_136.jpg,Negative,No,Not Vulgar,Non-abusive,Individual
image_137.jpg,Neutral,Yes,Not Vulgar,Abusive,Political
image_138.jpg,Negative,No,Not Vulgar,Non-abusive,Political
image_139.jpg,Negative,No,Not Vulgar,Non-abusive,None
image_140.jpg,Negative,No,Not Vulgar,Non-abusive,None
image_141.jpg,Neutral,Yes,Not Vulgar,Abusive,Individual
image_142.jpg,Neutral,No,Not Vulgar,Non-abusive,None
image_143.jpg,Negative,Yes,Not Vulgar,Non-abusive,None
image_144.jpg,Negative,No,Vulgar,Non-abusive,Others
image_145.jpg,Neutral,No,Not Vulgar,Non-abusive,Individual
image_146.jpg,Neutral,No,Not Vulgar,Non-abusive,Individual
image_147.jpg,Neutral,Yes,Not Vulgar,Non-abusive,Political
image_148.jpg,Negative,Yes,Not Vulgar,Non-abusive,Individual
image_149.jpg,Neutral,Yes,Not Vulgar,Abusive,Individual
image_150.jpg,Negative,Yes,Vulgar,Abusive,Individual
image_151.jpg,Positive,No,Not Vulgar,Non-abusive,Individual
image_152.jpg,Neutral,No,Not Vulgar,Non-abusive,Individual
image_153.jpg,Neutral,No,Not Vulgar,Non-abusive,Individual
image_154.jpg,Neutral,Yes,Not Vulgar,Non-abusive,Political
image_155.jpg,Negative,Yes,Vulgar,Abusive,Individual
image_156.jpg,Negative,No,Not Vulgar,Non-abusive,Political
image_157.jpg,Negative,Yes,Vulgar,Abusive,Individual
image_158.jpg,Neutral,Yes,Not Vulgar,Non-abusive,Political
image_159.jpg,Positive,Yes,Not Vulgar,Non-abusive,None
image_160.jpg,Negative,Yes,Not Vulgar,Abusive,Individual
image_161.jpg,Neutral,Yes,Not Vulgar,Non-abusive,None
image_162.jpg,Neutral,Yes,Not Vulgar,Abusive,Individual
image_163.jpg,Negative,Yes,Vulgar,Abusive,Individual
image_164.jpg,Negative,No,Not Vulgar,Non-abusive,None
image_165.jpg,Negative,No,Not Vulgar,Abusive,Individual
image_166.jpg,Neutral,Yes,Not Vulgar,Non-abusive,Individual
image_167.jpg,Neutral,No,Not Vulgar,Non-abusive,Individual
image_168.jpg,Neutral,No,Not Vulgar,Non-abusive,Political
image_169.jpg,Neutral,Yes,Not Vulgar,Non-abusive,Individual
image_170.jpg,Neutral,Yes,Not Vulgar,Non-abusive,Political
image_171.jpg,Negative,Yes,Vulgar,Abusive,Individual
image_172.jpg,Positive,No,Not Vulgar,Non-abusive,None
image_173.jpg,Negative,Yes,Not Vulgar,Non-abusive,None
image_174.jpg,Negative,Yes,Vulgar,Abusive,Political
image_175.jpg,Negative,No,Not Vulgar,Non-abusive,None
image_176.jpg,Neutral,Yes,Not Vulgar,Non-abusive,Political
image_177.jpg,Neutral,No,Not Vulgar,Non-abusive,Political
image_178.jpg,Neutral,No,Not Vulgar,Non-abusive,None
image_179.jpg,Neutral,No,Not Vulgar,Non-abusive,None
image_180.jpg,Neutral,Yes,Not Vulgar,Non-abusive,Political
image_181.jpg,Neutral,No,Not Vulgar,Non-abusive,None
image_182.jpg,Negative,Yes,Vulgar,Abusive,Individual
image_183.jpg,Neutral,No,Not Vulgar,Non-abusive,None
image_184.jpg,Negative,Yes,Not Vulgar,Abusive,Individual
image_185.jpg,Negative,Yes,Not Vulgar,Non-abusive,Political
image_186.jpg,Negative,Yes,Vulgar,Non-abusive,Individual
image_187.jpg,Neutral,No,Not Vulgar,Non-abusive,Political
image_188.jpg,Negative,No,Not Vulgar,Non-abusive,Individual
image_189.jpg,Neutral,No,Not Vulgar,Non-abusive,Individual
image_190.jpg,Neutral,Yes,Not Vulgar,Non-abusive,Individual
image_191.jpg,Negative,No,Vulgar,Abusive,Individual
image_192.jpg,Negative,No,Not Vulgar,Abusive,Political
image_193.jpg,Neutral,Yes,Not Vulgar,Non-abusive,None
image_194.jpg,Negative,No,Vulgar,Abusive,Individual
image_195.jpg,Negative,No,Vulgar,Non-abusive,Religion
image_196.jpg,Negative,Yes,Vulgar,Non-abusive,Political
image_197.jpg,Negative,Yes,Not Vulgar,Non-abusive,Political
image_198.jpg,Negative,Yes,Not Vulgar,Non-abusive,Political
image_199.jpg,Neutral,No,Not Vulgar,Non-abusive,Individual
image_200.jpg,Negative,Yes,Not Vulgar,Abusive,Political
image_201.jpg,Negative,Yes,Not Vulgar,Non-abusive,Political
image_202.jpg,Negative,Yes,Not Vulgar,Abusive,Religion
image_203.jpg,Neutral,Yes,Not Vulgar,Non-abusive,Political
image_204.jpg,Neutral,Yes,Not Vulgar,Non-abusive,Individual
image_205.jpg,Negative,Yes,Not Vulgar,Abusive,Individual
image_206.jpg,Negative,Yes,Not Vulgar,Abusive,Religion
image_207.jpg,Negative,Yes,Vulgar,Abusive,Political
image_208.jpg,Negative,Yes,Not Vulgar,Abusive,Political
image_209.jpg,Negative,Yes,Not Vulgar,Non-abusive,None
image_210.jpg,Neutral,Yes,Not Vulgar,Non-abusive,Individual
image_211.jpg,Positive,Yes,Not Vulgar,Non-abusive,None
image_212.jpg,Negative,No,Vulgar,Abusive,Individual
image_213.jpg,Negative,Yes,Not Vulgar,Abusive,Individual
image_214.jpg,Negative,Yes,Not Vulgar,Abusive,Political
image_215.jpg,Negative,No,Vulgar,Abusive,Religion#Individual
image_216.jpg,Negative,No,Not Vulgar,Non-abusive,None
image_217.jpg,Negative,Yes,Vulgar,Abusive,Political
image_218.jpg,Neutral,Yes,Not Vulgar,Non-abusive,Political
image_219.jpg,Negative,No,Not Vulgar,Non-abusive,Political
image_220.jpg,Negative,No,Not Vulgar,Non-abusive,Others
image_221.jpg,Negative,No,Vulgar,Abusive,Political
image_222.jpg,Negative,No,Vulgar,Abusive,Political
image_223.jpg,Negative,Yes,Vulgar,Non-abusive,Individual#Political
image_224.jpg,Neutral,Yes,Not Vulgar,Non-abusive,Political
image_225.jpg,Neutral,Yes,Not Vulgar,Non-abusive,Individual
image_226.jpg,Negative,Yes,Vulgar,Non-abusive,Political
image_227.jpg,Neutral,Yes,Not Vulgar,Abusive,Individual
image_228.jpg,Neutral,Yes,Not Vulgar,Non-abusive,Individual
image_229.jpg,Neutral,Yes,Not Vulgar,Non-abusive,Others
image_230.jpg,Negative,No,Vulgar,Non-abusive,Religion#Political
image_231.jpg,Neutral,Yes,Not Vulgar,Non-abusive,Individual
image_232.jpg,Negative,Yes,Not Vulgar,Non-abusive,Individual
image_233.jpg,Negative,Yes,Not Vulgar,Non-abusive,Political
image_234.jpg,Positive,No,Not Vulgar,Non-abusive,None
image_235.jpg,Negative,Yes,Not Vulgar,Non-abusive,Political
image_236.jpg,Neutral,Yes,Not Vulgar,Non-abusive,Others
image_237.jpg,Negative,No,Vulgar,Abusive,Individual
image_238.jpg,Neutral,No,Not Vulgar,Non-abusive,Individual
image_239.jpg,Neutral,Yes,Not Vulgar,Non-abusive,Political
image_240.jpg,Neutral,Yes,Not Vulgar,Non-abusive,Political
image_241.jpg,Negative,No,Not Vulgar,Non-abusive,Individual
image_242.jpg,Negative,No,Vulgar,Non-abusive,None
image_243.jpg,Negative,Yes,Not Vulgar,Abusive,Individual
image_244.jpg,Negative,Yes,Vulgar,Non-abusive,None
image_391.jpg,Neutral,No,Not Vulgar,Non-abusive,Political
image_246.jpg,Negative,No,Vulgar,Non-abusive,Individual
image_247.jpg,Neutral,No,Not Vulgar,Non-abusive,Political
image_248.jpg,Negative,No,Not Vulgar,Non-abusive,Political
image_249.jpg,Neutral,Yes,Not Vulgar,Non-abusive,Political
image_250.jpg,Neutral,Yes,Not Vulgar,Non-abusive,Political
image_251.jpg,Neutral,Yes,Not Vulgar,Non-abusive,Others
image_252.jpg,Negative,No,Not Vulgar,Non-abusive,Political
image_253.jpg,Neutral,Yes,Not Vulgar,Non-abusive,Political
image_254.jpg,Negative,No,Vulgar,Non-abusive,Individual
image_255.jpg,Neutral,No,Not Vulgar,Non-abusive,Individual
image_256.jpg,Positive,No,Not Vulgar,Non-abusive,Political
image_257.jpg,Neutral,Yes,Not Vulgar,Non-abusive,Individual
image_258.jpg,Negative,No,Vulgar,Non-abusive,None
image_259.jpg,Negative,No,Not Vulgar,Non-abusive,Others
image_260.jpg,Negative,No,Vulgar,Non-abusive,Political
image_261.jpg,Negative,No,Not Vulgar,Non-abusive,Individual
image_262.jpg,Negative,Yes,Not Vulgar,Non-abusive,Political
image_263.jpg,Neutral,Yes,Not Vulgar,Non-abusive,None
image_264.jpg,Negative,Yes,Not Vulgar,Abusive,Individual
image_265.jpg,Negative,Yes,Vulgar,Abusive,Individual
image_266.jpg,Negative,Yes,Vulgar,Non-abusive,Others
image_267.jpg,Positive,No,Not Vulgar,Non-abusive,Religion
image_268.jpg,Negative,No,Vulgar,Abusive,Political
image_269.jpg,Neutral,Yes,Not Vulgar,Non-abusive,Political
image_270.jpg,Negative,No,Vulgar,Non-abusive,Political
image_271.jpg,Negative,No,Vulgar,Non-abusive,None
image_272.jpg,Negative,No,Not Vulgar,Non-abusive,Individual#Political
image_273.jpg,Neutral,Yes,Not Vulgar,Non-abusive,None
image_274.jpg,Neutral,No,Not Vulgar,Non-abusive,None
image_275.jpg,Negative,No,Vulgar,Non-abusive,Political
image_276.jpg,Positive,Yes,Not Vulgar,Non-abusive,Political
image_277.jpg,Neutral,Yes,Not Vulgar,Non-abusive,Individual
image_278.jpg,Neutral,Yes,Not Vulgar,Non-abusive,None
image_279.jpg,Positive,No,Not Vulgar,Non-abusive,Political
image_280.jpg,Negative,Yes,Vulgar,Non-abusive,Individual
image_281.jpg,Neutral,No,Not Vulgar,Non-abusive,Political
image_282.jpg,Neutral,No,Not Vulgar,Non-abusive,Individual
image_283.jpg,Negative,No,Not Vulgar,Non-abusive,Political
image_284.jpg,Neutral,Yes,Not Vulgar,Non-abusive,Political
image_285.jpg,Neutral,No,Not Vulgar,Non-abusive,None
image_286.jpg,Neutral,Yes,Not Vulgar,Non-abusive,Political
image_287.jpg,Neutral,No,Not Vulgar,Non-abusive,Religion
image_288.jpg,Neutral,Yes,Not Vulgar,Non-abusive,Individual
image_289.jpg,Negative,Yes,Not Vulgar,Non-abusive,Political
image_290.jpg,Neutral,No,Not Vulgar,Non-abusive,None
image_291.jpg,Neutral,Yes,Not Vulgar,Non-abusive,Political
image_292.jpg,Neutral,No,Not Vulgar,Non-abusive,Political
image_293.jpg,Negative,No,Not Vulgar,Non-abusive,Religion
image_294.jpg,Negative,Yes,Vulgar,Non-abusive,Religion
image_295.jpg,Negative,No,Vulgar,Abusive,Political
image_296.jpg,Negative,Yes,Vulgar,Non-abusive,Political
image_297.jpg,Neutral,Yes,Not Vulgar,Non-abusive,None
image_298.jpg,Neutral,Yes,Not Vulgar,Non-abusive,None
image_299.jpg,Negative,Yes,Not Vulgar,Abusive,Political
image_300.jpg,Neutral,Yes,Vulgar,Non-abusive,None
image_301.jpg,Positive,No,Not Vulgar,Non-abusive,Individual
image_302.jpg,Negative,Yes,Vulgar,Abusive,Political
image_303.jpg,Negative,Yes,Not Vulgar,Abusive,Individual
image_304.jpg,Neutral,No,Not Vulgar,Non-abusive,Political
image_305.jpg,Neutral,No,Not Vulgar,Non-abusive,Political
image_306.jpg,Neutral,No,Not Vulgar,Non-abusive,Political
image_307.jpg,Neutral,No,Not Vulgar,Non-abusive,Political
image_308.jpg,Neutral,No,Not Vulgar,Abusive,Religion
image_309.jpg,Neutral,No,Not Vulgar,Non-abusive,Individual
image_310.jpg,Neutral,Yes,Not Vulgar,Non-abusive,Political
image_311.jpg,Negative,Yes,Vulgar,Non-abusive,Religion
image_312.jpg,Positive,No,Not Vulgar,Non-abusive,Individual
image_313.jpg,Positive,No,Not Vulgar,Non-abusive,Political
image_314.jpg,Negative,Yes,Not Vulgar,Non-abusive,Individual
image_315.jpg,Negative,Yes,Vulgar,Non-abusive,None
image_316.jpg,Negative,Yes,Vulgar,Non-abusive,Individual
image_317.jpg,Negative,Yes,Vulgar,Abusive,Individual
image_318.jpg,Negative,No,Vulgar,Non-abusive,Individual#Political
image_319.jpg,Neutral,Yes,Not Vulgar,Non-abusive,Others
image_320.jpg,Negative,Yes,Not Vulgar,Non-abusive,Political
image_321.jpg,Neutral,Yes,Not Vulgar,Non-abusive,Political
image_322.jpg,Negative,No,Not Vulgar,Abusive,None
image_323.jpg,Negative,No,Not Vulgar,Non-abusive,None
image_324.jpg,Neutral,Yes,Not Vulgar,Non-abusive,Individual
image_325.jpg,Negative,No,Vulgar,Non-abusive,Political
image_326.jpg,Negative,Yes,Not Vulgar,Non-abusive,Political
image_327.jpg,Neutral,Yes,Not Vulgar,Non-abusive,None
image_328.jpg,Positive,Yes,Vulgar,Non-abusive,Individual
image_329.jpg,Positive,No,Not Vulgar,Non-abusive,None
image_330.jpg,Neutral,No,Not Vulgar,Non-abusive,Individual
image_331.jpg,Negative,No,Vulgar,Abusive,Individual
image_332.jpg,Negative,Yes,Vulgar,Abusive,Individual
image_333.jpg,Neutral,No,Not Vulgar,Non-abusive,Individual
image_334.jpg,Neutral,No,Not Vulgar,Non-abusive,None
image_335.jpg,Negative,No,Not Vulgar,Non-abusive,Political
image_336.jpg,Positive,Yes,Not Vulgar,Non-abusive,None
image_337.jpg,Negative,No,Vulgar,Non-abusive,None
image_338.jpg,Neutral,No,Not Vulgar,Non-abusive,Political
image_339.jpg,Neutral,Yes,Not Vulgar,Non-abusive,Individual
image_340.jpg,Negative,Yes,Not Vulgar,Non-abusive,Political
image_341.jpg,Negative,No,Not Vulgar,Non-abusive,Political
image_342.jpg,Negative,Yes,Vulgar,Non-abusive,Individual
image_343.jpg,Negative,No,Vulgar,Non-abusive,None
image_344.jpg,Negative,Yes,Not Vulgar,Non-abusive,Political
image_345.jpg,Positive,No,Vulgar,Non-abusive,Others
image_346.jpg,Negative,Yes,Vulgar,Abusive,Individual
image_347.jpg,Positive,No,Not Vulgar,Non-abusive,Individual
image_348.jpg,Neutral,No,Not Vulgar,Non-abusive,None
image_349.jpg,Neutral,No,Not Vulgar,Non-abusive,None
image_350.jpg,Neutral,Yes,Not Vulgar,Non-abusive,None
image_351.jpg,Negative,Yes,Not Vulgar,Abusive,Political
image_352.jpg,Neutral,Yes,Not Vulgar,Non-abusive,Individual
image_353.jpg,Positive,Yes,Vulgar,Non-abusive,Political
image_354.jpg,Negative,Yes,Not Vulgar,Non-abusive,Political
image_355.jpg,Negative,Yes,Not Vulgar,Non-abusive,Political
image_356.jpg,Neutral,No,Not Vulgar,Non-abusive,None
image_357.jpg,Negative,Yes,Vulgar,Non-abusive,Individual
image_358.jpg,Negative,Yes,Not Vulgar,Non-abusive,Individual
image_359.jpg,Negative,No,Not Vulgar,Non-abusive,Individual#Political
image_360.jpg,Negative,Yes,Not Vulgar,Non-abusive,None
image_361.jpg,Negative,Yes,Not Vulgar,Non-abusive,Individual#Political
image_362.jpg,Neutral,No,Not Vulgar,Non-abusive,None
image_363.jpg,Negative,Yes,Not Vulgar,Non-abusive,Political
image_364.jpg,Negative,Yes,Not Vulgar,Non-abusive,Political
image_365.jpg,Negative,Yes,Not Vulgar,Non-abusive,Political
image_366.jpg,Negative,Yes,Not Vulgar,Non-abusive,Political
image_367.jpg,Negative,Yes,Vulgar,Non-abusive,Political
image_368.jpg,Positive,No,Not Vulgar,Non-abusive,None
image_369.jpg,Negative,Yes,Not Vulgar,Non-abusive,Political
image_370.jpg,Neutral,Yes,Not Vulgar,Non-abusive,Political
image_371.jpg,Neutral,Yes,Not Vulgar,Non-abusive,Individual
image_372.jpg,Neutral,Yes,Not Vulgar,Non-abusive,None
image_373.jpg,Negative,Yes,Not Vulgar,Abusive,Individual
image_374.jpg,Negative,No,Not Vulgar,Non-abusive,Political
image_375.jpg,Positive,Yes,Not Vulgar,Non-abusive,Political
image_376.jpg,Negative,Yes,Not Vulgar,Non-abusive,Political
image_377.jpg,Negative,Yes,Not Vulgar,Non-abusive,Individual
image_378.jpg,Neutral,Yes,Not Vulgar,Non-abusive,Political
image_379.jpg,Neutral,No,Not Vulgar,Non-abusive,Political
image_380.jpg,Negative,Yes,Vulgar,Abusive,Political
image_381.jpg,Negative,Yes,Vulgar,Non-abusive,Individual
image_382.jpg,Neutral,Yes,Not Vulgar,Non-abusive,Political
image_383.jpg,Negative,Yes,Not Vulgar,Non-abusive,Individual
image_384.jpg,Negative,Yes,Not Vulgar,Abusive,Individual
image_385.jpg,Neutral,Yes,Not Vulgar,Non-abusive,Political
image_635.jpg,Negative,Yes,Not Vulgar,Non-abusive,Political
image_387.jpg,Neutral,No,Not Vulgar,Non-abusive,Religion#Political
image_388.jpg,Negative,Yes,Not Vulgar,Abusive,Individual
image_389.jpg,Neutral,No,Not Vulgar,Non-abusive,Political
image_390.jpg,Neutral,Yes,Not Vulgar,Non-abusive,Political
image_392.jpg,Negative,Yes,Not Vulgar,Non-abusive,Political
image_393.jpg,Neutral,Yes,Not Vulgar,Non-abusive,Political
image_394.jpg,Neutral,Yes,Not Vulgar,Non-abusive,Political
image_395.jpg,Neutral,No,Not Vulgar,Non-abusive,None
image_396.jpg,Neutral,Yes,Not Vulgar,Non-abusive,Religion
image_397.jpg,Negative,Yes,Vulgar,Non-abusive,Political
image_398.jpg,Negative,Yes,Not Vulgar,Non-abusive,None
image_399.jpg,Neutral,No,Not Vulgar,Non-abusive,Political
image_400.jpg,Neutral,No,Not Vulgar,Non-abusive,Religion
image_401.jpg,Neutral,Yes,Not Vulgar,Abusive,Individual
image_402.jpg,Neutral,No,Not Vulgar,Non-abusive,Political
image_403.jpg,Neutral,No,Not Vulgar,Non-abusive,Political
image_404.jpg,Positive,No,Not Vulgar,Non-abusive,Individual
image_405.jpg,Negative,Yes,Not Vulgar,Non-abusive,Political
image_406.jpg,Negative,No,Not Vulgar,Non-abusive,Others
image_439.jpg,Neutral,Yes,Not Vulgar,Non-abusive,Individual
image_408.jpg,Negative,No,Vulgar,Non-abusive,Political
image_409.jpg,Neutral,No,Not Vulgar,Non-abusive,Political
image_410.jpg,Negative,Yes,Not Vulgar,Abusive,Individual
image_411.jpg,Neutral,No,Not Vulgar,Non-abusive,Political
image_412.jpg,Negative,No,Not Vulgar,Non-abusive,Political
image_413.jpg,Negative,No,Not Vulgar,Non-abusive,Religion#Others
image_414.jpg,Positive,No,Not Vulgar,Non-abusive,None
image_415.jpg,Negative,No,Not Vulgar,Non-abusive,Political
image_416.jpg,Negative,Yes,Not Vulgar,Abusive,Individual
image_417.jpg,Negative,Yes,Vulgar,Non-abusive,Others
image_418.jpg,Neutral,No,Not Vulgar,Non-abusive,Political
image_419.jpg,Neutral,No,Vulgar,Non-abusive,Political
image_420.jpg,Negative,Yes,Not Vulgar,Non-abusive,Political
image_421.jpg,Neutral,No,Not Vulgar,Non-abusive,Political
image_422.jpg,Negative,Yes,Vulgar,Abusive,Political
image_423.jpg,Neutral,Yes,Not Vulgar,Non-abusive,Individual
image_424.jpg,Negative,Yes,Vulgar,Non-abusive,Political
image_425.jpg,Neutral,Yes,Not Vulgar,Non-abusive,Individual
image_426.jpg,Positive,Yes,Vulgar,Non-abusive,Political
image_427.jpg,Negative,Yes,Not Vulgar,Non-abusive,Political
image_428.jpg,Negative,No,Vulgar,Non-abusive,None
image_429.jpg,Neutral,Yes,Not Vulgar,Non-abusive,Political
image_430.jpg,Negative,Yes,Not Vulgar,Non-abusive,Individual#Political
image_431.jpg,Negative,Yes,Vulgar,Non-abusive,Political
image_432.jpg,Neutral,No,Not Vulgar,Non-abusive,Political
image_433.jpg,Negative,Yes,Vulgar,Non-abusive,Political
image_434.jpg,Neutral,No,Not Vulgar,Non-abusive,Political
image_435.jpg,Neutral,Yes,Not Vulgar,Non-abusive,Individual
image_436.jpg,Neutral,Yes,Not Vulgar,Abusive,Individual
image_437.jpg,Negative,Yes,Not Vulgar,Abusive,Individual
image_438.jpg,Negative,Yes,Not Vulgar,Non-abusive,Political
image_440.jpg,Negative,Yes,Vulgar,Abusive,Individual
image_441.jpg,Positive,No,Not Vulgar,Non-abusive,Individual
image_442.jpg,Neutral,No,Not Vulgar,Non-abusive,None
image_443.jpg,Neutral,No,Not Vulgar,Non-abusive,None
image_444.jpg,Negative,No,Not Vulgar,Non-abusive,Individual
image_445.jpg,Negative,No,Not Vulgar,Non-abusive,Individual
image_446.jpg,Negative,No,Not Vulgar,Non-abusive,Political
image_447.jpg,Negative,Yes,Vulgar,Non-abusive,Individual
image_448.jpg,Neutral,No,Not Vulgar,Non-abusive,Individual#Political
image_449.jpg,Neutral,Yes,Not Vulgar,Non-abusive,Political
image_450.jpg,Negative,Yes,Not Vulgar,Abusive,Individual
image_451.jpg,Neutral,No,Not Vulgar,Non-abusive,Individual
image_452.jpg,Negative,Yes,Not Vulgar,Non-abusive,Political
image_453.jpg,Neutral,No,Not Vulgar,Non-abusive,None
image_454.jpg,Neutral,Yes,Not Vulgar,Abusive,Individual
image_455.jpg,Negative,Yes,Vulgar,Abusive,Political
image_456.jpg,Neutral,No,Not Vulgar,Non-abusive,Political
image_457.jpg,Neutral,Yes,Vulgar,Abusive,Individual
image_458.jpg,Negative,Yes,Vulgar,Abusive,Individual
image_459.jpg,Negative,Yes,Not Vulgar,Abusive,Individual
image_460.jpg,Negative,Yes,Vulgar,Abusive,Individual
image_461.jpg,Negative,Yes,Vulgar,Abusive,Individual
image_462.jpg,Negative,Yes,Not Vulgar,Abusive,Individual
image_463.jpg,Negative,No,Vulgar,Abusive,Religion
image_464.jpg,Negative,No,Vulgar,Abusive,Individual
image_465.jpg,Negative,Yes,Vulgar,Abusive,Political
image_466.jpg,Negative,Yes,Vulgar,Abusive,Gender#Religion
image_467.jpg,Neutral,Yes,Vulgar,Abusive,Religion
image_468.jpg,Positive,Yes,Not Vulgar,Abusive,Individual
image_469.jpg,Negative,Yes,Vulgar,Abusive,Individual
image_470.jpg,Negative,Yes,Vulgar,Abusive,Individual
image_471.jpg,Negative,Yes,Vulgar,Abusive,Religion
image_472.jpg,Neutral,Yes,Vulgar,Abusive,Individual
image_473.jpg,Negative,No,Vulgar,Abusive,Individual
image_474.jpg,Negative,Yes,Vulgar,Abusive,Individual
image_475.jpg,Neutral,No,Vulgar,Abusive,Individual
image_476.jpg,Negative,No,Vulgar,Abusive,Individual
image_477.jpg,Negative,No,Vulgar,Abusive,Individual
image_478.jpg,Negative,Yes,Not Vulgar,Abusive,Individual
image_479.jpg,Negative,Yes,Vulgar,Abusive,Individual
image_480.jpg,Negative,No,Vulgar,Abusive,Gender#Religion
image_481.jpg,Negative,No,Vulgar,Abusive,Political
image_482.jpg,Negative,Yes,Vulgar,Abusive,Religion
image_483.jpg,Negative,Yes,Vulgar,Abusive,Individual
image_484.jpg,Negative,No,Vulgar,Abusive,Individual
image_485.jpg,Negative,Yes,Vulgar,Abusive,Individual
image_486.jpg,Negative,No,Vulgar,Non-abusive,Political
image_487.jpg,Negative,Yes,Vulgar,Abusive,Gender#Religion
image_488.jpg,Negative,No,Vulgar,Abusive,Political
image_489.jpg,Negative,Yes,Vulgar,Abusive,Gender#Religion
image_490.jpg,Negative,Yes,Not Vulgar,Abusive,Individual
image_491.jpg,Negative,No,Vulgar,Abusive,Religion
image_492.jpg,Negative,No,Vulgar,Abusive,Religion
image_493.jpg,Negative,Yes,Vulgar,Abusive,Individual
image_494.jpg,Negative,No,Vulgar,Abusive,Individual
image_495.jpg,Negative,No,Not Vulgar,Abusive,Religion
image_496.jpg,Negative,No,Not Vulgar,Non-abusive,None
image_497.jpg,Negative,No,Vulgar,Abusive,Religion
image_498.jpg,Negative,Yes,Vulgar,Abusive,Individual
image_499.jpg,Negative,Yes,Not Vulgar,Non-abusive,None
image_500.jpg,Negative,Yes,Not Vulgar,Abusive,Political
image_501.jpg,Negative,No,Vulgar,Abusive,Individual
image_502.jpg,Negative,Yes,Vulgar,Abusive,Political
image_503.jpg,Negative,Yes,Vulgar,Abusive,Individual
image_504.jpg,Negative,No,Not Vulgar,Abusive,Individual
image_505.jpg,Negative,Yes,Vulgar,Abusive,Individual
image_506.jpg,Negative,No,Vulgar,Abusive,Political
image_507.jpg,Negative,Yes,Vulgar,Non-abusive,Political
image_508.jpg,Negative,Yes,Not Vulgar,Abusive,Individual
image_509.jpg,Neutral,No,Not Vulgar,Non-abusive,National Origin
image_510.jpg,Neutral,No,Not Vulgar,Abusive,Political
image_511.jpg,Neutral,Yes,Not Vulgar,Non-abusive,Political
image_512.jpg,Positive,Yes,Vulgar,Abusive,Religion
image_513.jpg,Negative,Yes,Vulgar,Abusive,Religion#Individual
image_514.jpg,Negative,Yes,Not Vulgar,Abusive,Religion
image_515.jpg,Negative,Yes,Vulgar,Non-abusive,None
image_516.jpg,Negative,No,Vulgar,Abusive,Individual
image_517.jpg,Negative,Yes,Vulgar,Abusive,Individual
image_518.jpg,Negative,No,Vulgar,Abusive,Individual
image_519.jpg,Negative,No,Not Vulgar,Abusive,Others
image_520.jpg,Negative,No,Vulgar,Abusive,Individual
image_521.jpg,Negative,Yes,Vulgar,Abusive,Individual
image_522.jpg,Negative,No,Vulgar,Abusive,Religion
image_523.jpg,Negative,No,Vulgar,Abusive,Individual
image_524.jpg,Negative,No,Vulgar,Abusive,Individual
image_525.jpg,Negative,Yes,Not Vulgar,Abusive,Individual
image_526.jpg,Negative,No,Vulgar,Abusive,Religion
image_527.jpg,Negative,Yes,Vulgar,Abusive,Individual#Political
image_528.jpg,Neutral,Yes,Not Vulgar,Abusive,Individual
image_529.jpg,Neutral,No,Not Vulgar,Abusive,Individual
image_530.jpg,Negative,No,Vulgar,Abusive,Religion
image_531.jpg,Negative,Yes,Vulgar,Abusive,Religion
image_532.jpg,Negative,Yes,Not Vulgar,Non-abusive,None
image_533.jpg,Positive,Yes,Vulgar,Abusive,Religion
image_534.jpg,Positive,Yes,Vulgar,Abusive,Political
image_535.jpg,Negative,No,Vulgar,Abusive,Religion
image_536.jpg,Negative,Yes,Vulgar,Abusive,Individual
image_537.jpg,Negative,No,Vulgar,Abusive,Religion
image_538.jpg,Negative,No,Vulgar,Abusive,Individual
image_539.jpg,Negative,No,Vulgar,Abusive,Individual
image_540.jpg,Negative,No,Not Vulgar,Abusive,Political
image_541.jpg,Neutral,No,Vulgar,Abusive,Political
image_542.jpg,Negative,No,Vulgar,Abusive,Individual
image_543.jpg,Negative,Yes,Not Vulgar,Non-abusive,None
image_544.jpg,Neutral,No,Not Vulgar,Non-abusive,None
image_545.jpg,Negative,No,Not Vulgar,Abusive,Political
image_546.jpg,Negative,Yes,Vulgar,Abusive,Individual
image_547.jpg,Neutral,Yes,Not Vulgar,Abusive,Political
image_548.jpg,Negative,No,Vulgar,Abusive,Political
image_549.jpg,Negative,Yes,Vulgar,Abusive,Individual
image_550.jpg,Negative,Yes,Vulgar,Abusive,Political
image_551.jpg,Negative,No,Vulgar,Abusive,Individual
image_552.jpg,Negative,Yes,Vulgar,Abusive,Individual
image_553.jpg,Negative,Yes,Not Vulgar,Abusive,Individual
image_554.jpg,Negative,Yes,Vulgar,Abusive,Individual
image_555.jpg,Positive,Yes,Not Vulgar,Abusive,Individual
image_556.jpg,Negative,Yes,Vulgar,Abusive,Individual
image_557.jpg,Negative,Yes,Not Vulgar,Abusive,Individual
image_558.jpg,Positive,Yes,Not Vulgar,Non-abusive,None
image_559.jpg,Negative,No,Vulgar,Abusive,National Origin
image_560.jpg,Negative,No,Not Vulgar,Abusive,Religion
image_561.jpg,Neutral,Yes,Vulgar,Abusive,Gender#Religion#Individual
image_562.jpg,Negative,No,Vulgar,Abusive,Religion
image_563.jpg,Negative,No,Not Vulgar,Abusive,Religion
image_564.jpg,Negative,No,Vulgar,Abusive,Others
image_565.jpg,Negative,Yes,Vulgar,Abusive,Individual
image_566.jpg,Negative,Yes,Vulgar,Abusive,Individual
image_567.jpg,Negative,No,Not Vulgar,Abusive,Religion
image_568.jpg,Negative,No,Vulgar,Abusive,Political
image_569.jpg,Negative,No,Not Vulgar,Abusive,Individual
image_570.jpg,Negative,No,Vulgar,Abusive,Religion
image_571.jpg,Negative,Yes,Vulgar,Abusive,Individual
image_572.jpg,Negative,Yes,Vulgar,Abusive,Individual
image_573.jpg,Negative,No,Vulgar,Abusive,Religion
image_574.jpg,Negative,Yes,Not Vulgar,Abusive,Individual
image_575.jpg,Negative,No,Not Vulgar,Abusive,Individual
image_576.jpg,Neutral,Yes,Not Vulgar,Non-abusive,None
image_577.jpg,Negative,Yes,Not Vulgar,Non-abusive,None
image_578.jpg,Negative,Yes,Vulgar,Abusive,Political
image_579.jpg,Negative,No,Vulgar,Abusive,Religion#Individual
image_580.jpg,Negative,Yes,Vulgar,Abusive,Individual
image_581.jpg,Negative,Yes,Vulgar,Abusive,Political
image_582.jpg,Negative,Yes,Vulgar,Abusive,Individual
image_583.jpg,Negative,No,Vulgar,Abusive,Political
image_584.jpg,Negative,Yes,Not Vulgar,Abusive,Religion
image_585.jpg,Negative,Yes,Vulgar,Abusive,Individual
image_586.jpg,Negative,Yes,Vulgar,Abusive,Individual
image_587.jpg,Positive,No,Not Vulgar,Non-abusive,National Origin
image_588.jpg,Negative,No,Vulgar,Abusive,Religion
image_589.jpg,Negative,No,Vulgar,Abusive,Individual
image_590.jpg,Negative,No,Vulgar,Abusive,Religion
image_591.jpg,Negative,No,Vulgar,Abusive,Individual
image_592.jpg,Negative,No,Vulgar,Abusive,Religion
image_593.jpg,Negative,No,Vulgar,Abusive,Individual
image_594.jpg,Negative,Yes,Vulgar,Abusive,Religion#Individual
image_595.jpg,Negative,No,Vulgar,Abusive,Individual
image_596.jpg,Negative,No,Vulgar,Abusive,Religion
image_597.jpg,Negative,No,Not Vulgar,Non-abusive,None
image_598.jpg,Negative,No,Vulgar,Abusive,Religion
image_599.jpg,Negative,No,Vulgar,Abusive,Others
image_600.jpg,Negative,Yes,Vulgar,Abusive,Individual
image_601.jpg,Neutral,Yes,Not Vulgar,Abusive,Individual
image_602.jpg,Negative,Yes,Not Vulgar,Abusive,Individual
image_603.jpg,Negative,Yes,Vulgar,Abusive,Religion
image_604.jpg,Negative,Yes,Not Vulgar,Abusive,Individual
image_605.jpg,Negative,No,Not Vulgar,Abusive,Individual
image_606.jpg,Negative,Yes,Vulgar,Abusive,Religion
image_607.jpg,Negative,Yes,Not Vulgar,Abusive,Individual
image_608.jpg,Negative,Yes,Not Vulgar,Abusive,Individual
image_609.jpg,Negative,Yes,Vulgar,Abusive,None
image_610.jpg,Negative,Yes,Not Vulgar,Abusive,Individual
image_611.jpg,Neutral,No,Not Vulgar,Non-abusive,None
image_612.jpg,Negative,No,Vulgar,Abusive,Religion
image_613.jpg,Negative,Yes,Vulgar,Abusive,Political
image_614.jpg,Negative,Yes,Vulgar,Abusive,Political
image_615.jpg,Negative,Yes,Vulgar,Abusive,Political
image_616.jpg,Negative,No,Not Vulgar,Non-abusive,None
image_617.jpg,Negative,No,Not Vulgar,Abusive,Religion
image_618.jpg,Negative,No,Not Vulgar,Abusive,Individual
image_619.jpg,Neutral,No,Not Vulgar,Non-abusive,None
image_620.jpg,Negative,Yes,Not Vulgar,Abusive,None
image_621.jpg,Negative,Yes,Vulgar,Abusive,Others
image_622.jpg,Neutral,No,Not Vulgar,Non-abusive,None
image_623.jpg,Neutral,Yes,Not Vulgar,Abusive,Individual
image_624.jpg,Negative,Yes,Not Vulgar,Abusive,Religion
image_625.jpg,Positive,Yes,Vulgar,Abusive,Gender
image_626.jpg,Negative,Yes,Vulgar,Abusive,Individual
image_627.jpg,Negative,No,Not Vulgar,Abusive,Individual
image_628.jpg,Negative,Yes,Not Vulgar,Abusive,Political
image_629.jpg,Negative,Yes,Vulgar,Abusive,Religion
image_630.jpg,Negative,No,Vulgar,Abusive,Religion
image_631.jpg,Negative,No,Not Vulgar,Non-abusive,Others
image_632.jpg,Negative,No,Vulgar,Abusive,Religion
image_633.jpg,Negative,No,Vulgar,Abusive,Political
image_634.jpg,Negative,No,Vulgar,Abusive,Religion
image_636.jpg,Negative,No,Vulgar,Abusive,Others
image_637.jpg,Negative,Yes,Vulgar,Abusive,Religion
image_638.jpg,Negative,Yes,Vulgar,Abusive,Individual
image_639.jpg,Negative,Yes,Vulgar,Abusive,Political
image_640.jpg,Neutral,Yes,Not Vulgar,Abusive,Political
image_641.jpg,Negative,Yes,Vulgar,Abusive,Religion
image_642.jpg,Negative,Yes,Not Vulgar,Abusive,Individual
image_643.jpg,Neutral,No,Not Vulgar,Non-abusive,None
image_644.jpg,Negative,Yes,Vulgar,Abusive,Religion
image_645.jpg,Neutral,No,Not Vulgar,Non-abusive,None
image_646.jpg,Neutral,No,Not Vulgar,Non-abusive,None
image_647.jpg,Negative,Yes,Vulgar,Abusive,Religion#Individual
image_648.jpg,Negative,No,Vulgar,Abusive,Individual
image_649.jpg,Neutral,Yes,Not Vulgar,Non-abusive,None
image_650.jpg,Negative,Yes,Not Vulgar,Abusive,Individual
image_651.jpg,Negative,Yes,Vulgar,Abusive,Individual
image_652.jpg,Negative,Yes,Vulgar,Abusive,None
image_653.jpg,Negative,No,Vulgar,Abusive,Religion#Others
image_654.jpg,Negative,No,Vulgar,Abusive,Political
image_655.jpg,Negative,No,Vulgar,Abusive,Others
image_656.jpg,Negative,No,Vulgar,Abusive,Individual
image_657.jpg,Neutral,Yes,Not Vulgar,Non-abusive,None
image_658.jpg,Negative,No,Vulgar,Abusive,Individual
image_659.jpg,Negative,Yes,Vulgar,Abusive,Political
image_660.jpg,Neutral,No,Not Vulgar,Non-abusive,None
image_661.jpg,Negative,Yes,Vulgar,Abusive,Individual
image_662.jpg,Negative,No,Vulgar,Abusive,Individual
image_663.jpg,Negative,Yes,Vulgar,Abusive,Individual
image_664.jpg,Negative,Yes,Vulgar,Abusive,Individual
image_665.jpg,Negative,Yes,Vulgar,Abusive,Individual
image_666.jpg,Negative,Yes,Vulgar,Abusive,Individual
image_667.jpg,Negative,No,Vulgar,Abusive,Individual
image_668.jpg,Negative,Yes,Vulgar,Abusive,Individual
image_669.jpg,Negative,No,Vulgar,Abusive,Individual
image_670.jpg,Negative,Yes,Not Vulgar,Non-abusive,None
image_671.jpg,Negative,No,Vulgar,Abusive,Individual
image_672.jpg,Negative,Yes,Vulgar,Abusive,Individual
image_673.jpg,Negative,No,Vulgar,Abusive,Religion
image_674.jpg,Negative,Yes,Vulgar,Abusive,Individual
image_675.jpg,Negative,Yes,Not Vulgar,Non-abusive,Individual
image_676.jpg,Negative,Yes,Vulgar,Abusive,Individual
image_677.jpg,Negative,Yes,Vulgar,Non-abusive,None
image_678.jpg,Negative,Yes,Vulgar,Abusive,Individual
image_679.jpg,Negative,Yes,Vulgar,Abusive,Individual
image_680.jpg,Negative,Yes,Vulgar,Abusive,Individual
image_681.jpg,Negative,No,Vulgar,Abusive,Religion#National Origin
image_682.jpg,Negative,No,Not Vulgar,Abusive,Individual
image_683.jpg,Neutral,No,Not Vulgar,Non-abusive,None
image_684.jpg,Negative,Yes,Vulgar,Abusive,Individual
image_685.jpg,Neutral,No,Not Vulgar,Non-abusive,None
image_686.jpg,Negative,Yes,Vulgar,Abusive,Individual
image_687.jpg,Negative,Yes,Vulgar,Abusive,Individual
image_688.jpg,Neutral,Yes,Vulgar,Abusive,Individual
image_689.jpg,Negative,Yes,Vulgar,Abusive,None
image_690.jpg,Negative,No,Vulgar,Abusive,Political
image_691.jpg,Negative,Yes,Vulgar,Abusive,Individual
image_692.jpg,Negative,Yes,Vulgar,Abusive,Individual
image_693.jpg,Negative,No,Not Vulgar,Abusive,Individual
image_694.jpg,Negative,Yes,Not Vulgar,Abusive,Individual
image_695.jpg,Negative,Yes,Vulgar,Abusive,Individual
image_696.jpg,Negative,Yes,Vulgar,Abusive,Individual
image_697.jpg,Negative,Yes,Vulgar,Abusive,Individual
image_698.jpg,Negative,Yes,Not Vulgar,Abusive,Individual
image_699.jpg,Negative,No,Vulgar,Abusive,Individual
image_700.jpg,Negative,No,Vulgar,Abusive,Individual
image_701.jpg,Negative,No,Not Vulgar,Abusive,Individual
image_702.jpg,Negative,No,Vulgar,Abusive,Religion
image_703.jpg,Negative,Yes,Vulgar,Abusive,Religion
image_704.jpg,Neutral,No,Not Vulgar,Non-abusive,None
image_705.jpg,Negative,Yes,Vulgar,Abusive,Individual
image_706.jpg,Negative,Yes,Vulgar,Abusive,Political
image_707.jpg,Negative,Yes,Not Vulgar,Abusive,Individual
image_708.jpg,Negative,Yes,Vulgar,Abusive,National Origin
image_709.jpg,Negative,No,Vulgar,Abusive,Political
image_710.jpg,Negative,Yes,Not Vulgar,Abusive,Political
image_711.jpg,Negative,No,Vulgar,Abusive,Political
image_712.jpg,Negative,Yes,Vulgar,Abusive,Individual
image_713.jpg,Negative,No,Vulgar,Abusive,Others
image_714.jpg,Negative,Yes,Not Vulgar,Abusive,Individual
image_715.jpg,Negative,Yes,Vulgar,Abusive,Individual
image_716.jpg,Negative,Yes,Vulgar,Abusive,Individual
image_717.jpg,Negative,Yes,Vulgar,Abusive,Individual
image_718.jpg,Negative,No,Vulgar,Abusive,Individual
image_719.jpg,Negative,No,Vulgar,Abusive,Individual
image_720.jpg,Negative,No,Vulgar,Abusive,Individual
image_721.jpg,Negative,No,Vulgar,Abusive,Gender
image_722.jpg,Negative,No,Vulgar,Abusive,Gender
image_723.jpg,Negative,No,Vulgar,Abusive,Gender
image_724.jpg,Negative,No,Vulgar,Abusive,Gender
image_725.jpg,Negative,No,Vulgar,Abusive,Gender
image_726.jpg,Negative,No,Vulgar,Abusive,Gender
image_727.jpg,Negative,No,Vulgar,Abusive,Gender
image_728.jpg,Negative,No,Vulgar,Abusive,Gender
image_729.jpg,Negative,No,Vulgar,Abusive,Gender
image_730.jpg,Negative,No,Vulgar,Abusive,Gender
image_731.jpg,Negative,No,Vulgar,Abusive,Gender
image_732.jpg,Negative,No,Vulgar,Abusive,Gender
image_733.jpg,Negative,No,Vulgar,Abusive,Individual
image_734.jpg,Negative,No,Vulgar,Abusive,Gender
image_735.jpg,Negative,No,Vulgar,Abusive,Gender
image_736.jpg,Negative,No,Vulgar,Abusive,Gender
image_737.jpg,Negative,No,Vulgar,Abusive,Gender#Religion
image_738.jpg,Negative,No,Vulgar,Abusive,Gender
image_739.jpg,Negative,No,Vulgar,Abusive,Gender
image_740.jpg,Negative,No,Vulgar,Abusive,Gender
image_741.jpg,Negative,No,Vulgar,Abusive,Gender
image_742.jpg,Negative,No,Vulgar,Abusive,Gender#Religion
image_743.jpg,Negative,No,Vulgar,Abusive,Gender
image_744.jpg,Negative,No,Vulgar,Abusive,Gender
image_745.jpg,Negative,No,Vulgar,Abusive,Gender
image_746.jpg,Negative,No,Vulgar,Abusive,Gender#Others
image_747.jpg,Negative,Yes,Vulgar,Abusive,Gender
image_748.jpg,Negative,No,Vulgar,Abusive,Gender
image_749.jpg,Negative,No,Vulgar,Abusive,Gender
image_750.jpg,Negative,No,Vulgar,Abusive,Gender
image_751.jpg,Negative,Yes,Vulgar,Abusive,Gender#Individual
image_752.jpg,Negative,No,Vulgar,Abusive,Gender
image_753.jpg,Negative,No,Vulgar,Abusive,Gender
image_754.jpg,Negative,Yes,Vulgar,Abusive,Gender
image_755.jpg,Negative,Yes,Vulgar,Abusive,Gender
image_756.jpg,Negative,No,Vulgar,Abusive,Gender
image_757.jpg,Negative,No,Vulgar,Abusive,Individual
image_758.jpg,Negative,No,Vulgar,Abusive,Gender
image_759.jpg,Negative,Yes,Vulgar,Abusive,Gender
image_760.jpg,Negative,Yes,Vulgar,Abusive,Gender
image_761.jpg,Negative,No,Vulgar,Abusive,Gender
image_762.jpg,Negative,No,Vulgar,Abusive,Gender
image_763.jpg,Negative,Yes,Vulgar,Abusive,Others
image_764.jpg,Negative,No,Vulgar,Abusive,Gender
image_765.jpg,Negative,No,Vulgar,Abusive,Gender
image_766.jpg,Negative,Yes,Vulgar,Abusive,Gender
image_767.jpg,Negative,Yes,Vulgar,Abusive,Gender
image_768.jpg,Negative,Yes,Vulgar,Abusive,Gender
image_769.jpg,Negative,Yes,Vulgar,Abusive,Gender
image_770.jpg,Negative,Yes,Vulgar,Abusive,Gender
image_771.jpg,Negative,Yes,Vulgar,Abusive,Gender
image_772.jpg,Negative,Yes,Vulgar,Abusive,Gender
image_773.jpg,Negative,No,Not Vulgar,Abusive,Gender
image_774.jpg,Negative,No,Vulgar,Abusive,Gender
image_775.jpg,Negative,No,Vulgar,Abusive,Gender#Individual
image_776.jpg,Negative,Yes,Vulgar,Abusive,Gender#Others
image_777.jpg,Negative,No,Vulgar,Abusive,Gender
image_778.jpg,Negative,Yes,Not Vulgar,Abusive,Gender
image_779.jpg,Negative,Yes,Vulgar,Abusive,Gender
image_780.jpg,Negative,Yes,Vulgar,Abusive,Gender
image_781.jpg,Negative,Yes,Vulgar,Abusive,Gender
image_782.jpg,Negative,No,Vulgar,Abusive,Gender
image_783.jpg,Negative,No,Vulgar,Abusive,Gender
image_784.jpg,Negative,No,Vulgar,Abusive,Gender
image_785.jpg,Negative,No,Vulgar,Abusive,Gender
image_786.jpg,Negative,No,Vulgar,Abusive,Gender
image_787.jpg,Negative,No,Vulgar,Abusive,Gender
image_788.jpg,Negative,No,Vulgar,Abusive,Gender
image_789.jpg,Negative,No,Vulgar,Abusive,Gender
image_790.jpg,Negative,No,Vulgar,Abusive,Gender
image_791.jpg,Positive,No,Vulgar,Abusive,Gender
image_792.jpg,Neutral,No,Vulgar,Abusive,Gender
image_793.jpg,Negative,No,Vulgar,Abusive,Gender
image_794.jpg,Negative,No,Vulgar,Abusive,Gender
image_795.jpg,Negative,No,Vulgar,Abusive,Gender
image_796.jpg,Negative,Yes,Vulgar,Abusive,Gender
image_797.jpg,Negative,No,Vulgar,Abusive,Gender
image_798.jpg,Negative,No,Vulgar,Abusive,Gender
image_799.jpg,Negative,No,Vulgar,Abusive,Gender
image_800.jpg,Negative,No,Vulgar,Abusive,Gender
image_801.jpg,Negative,No,Vulgar,Abusive,Gender
image_802.jpg,Negative,No,Vulgar,Abusive,Gender
image_803.jpg,Negative,No,Vulgar,Abusive,Gender
image_804.jpg,Negative,No,Vulgar,Abusive,Gender
image_805.jpg,Negative,No,Vulgar,Abusive,Gender
image_806.jpg,Neutral,Yes,Vulgar,Abusive,Others
image_807.jpg,Negative,Yes,Vulgar,Abusive,Gender
image_808.jpg,Negative,Yes,Vulgar,Abusive,Gender
image_809.jpg,Negative,No,Vulgar,Abusive,Gender
image_810.jpg,Negative,No,Vulgar,Abusive,Gender
image_811.jpg,Negative,No,Vulgar,Abusive,Gender
image_812.jpg,Negative,No,Vulgar,Abusive,Gender
image_813.jpg,Negative,No,Vulgar,Abusive,Gender
image_814.jpg,Negative,No,Vulgar,Abusive,Gender
image_815.jpg,Negative,No,Vulgar,Abusive,Gender
image_816.jpg,Negative,No,Vulgar,Abusive,Gender
image_817.jpg,Negative,Yes,Vulgar,Abusive,Gender
image_818.jpg,Negative,No,Vulgar,Abusive,Gender
image_819.jpg,Negative,No,Vulgar,Abusive,Gender
image_820.jpg,Negative,No,Vulgar,Abusive,Gender
image_821.jpg,Negative,No,Vulgar,Abusive,Gender
image_822.jpg,Negative,No,Vulgar,Abusive,Gender
image_823.jpg,Negative,No,Vulgar,Abusive,Gender
image_824.jpg,Negative,No,Vulgar,Abusive,Gender
image_825.jpg,Negative,No,Vulgar,Abusive,Gender
image_826.jpg,Negative,No,Vulgar,Abusive,Gender
image_827.jpg,Negative,No,Vulgar,Abusive,Gender
image_828.jpg,Neutral,Yes,Vulgar,Abusive,Gender
image_829.jpg,Positive,No,Vulgar,Abusive,Gender
image_830.jpg,Negative,No,Vulgar,Non-abusive,None
image_831.jpg,Negative,No,Vulgar,Abusive,Gender
image_832.jpg,Negative,No,Vulgar,Abusive,Gender
image_833.jpg,Negative,No,Vulgar,Abusive,Gender
image_834.jpg,Negative,No,Vulgar,Abusive,Gender
image_835.jpg,Negative,Yes,Vulgar,Abusive,Gender
image_836.jpg,Negative,No,Vulgar,Abusive,Gender
image_837.jpg,Negative,No,Vulgar,Abusive,Gender
image_838.jpg,Negative,No,Vulgar,Abusive,Gender
image_839.jpg,Negative,No,Vulgar,Abusive,Gender
image_840.jpg,Negative,No,Vulgar,Abusive,Gender
image_841.jpg,Negative,No,Vulgar,Abusive,Gender
image_842.jpg,Negative,No,Vulgar,Abusive,Gender
image_843.jpg,Negative,No,Vulgar,Abusive,Gender
image_844.jpg,Negative,No,Vulgar,Abusive,Gender
image_845.jpg,Negative,No,Vulgar,Abusive,Gender
image_846.jpg,Negative,No,Vulgar,Abusive,Gender
image_847.jpg,Negative,No,Vulgar,Abusive,Gender
image_848.jpg,Negative,No,Vulgar,Abusive,Gender
image_849.jpg,Negative,No,Vulgar,Abusive,Gender
image_850.jpg,Negative,No,Vulgar,Abusive,Gender
image_851.jpg,Negative,No,Vulgar,Abusive,Gender
image_852.jpg,Negative,No,Vulgar,Abusive,Gender
image_853.jpg,Negative,No,Vulgar,Abusive,Gender
image_854.jpg,Negative,No,Vulgar,Abusive,Gender
image_855.jpg,Negative,Yes,Vulgar,Abusive,Gender
image_856.jpg,Negative,No,Vulgar,Abusive,Gender
image_857.jpg,Negative,No,Vulgar,Abusive,Gender
image_858.jpg,Negative,No,Vulgar,Abusive,Gender
image_859.jpg,Negative,No,Vulgar,Abusive,Gender
image_860.jpg,Negative,No,Vulgar,Abusive,Gender
image_861.jpg,Negative,No,Vulgar,Abusive,Gender
image_862.jpg,Negative,No,Vulgar,Abusive,Gender
image_863.jpg,Negative,No,Vulgar,Abusive,Gender
image_864.jpg,Negative,No,Vulgar,Abusive,Gender
image_865.jpg,Negative,No,Vulgar,Abusive,Gender
image_866.jpg,Negative,No,Vulgar,Abusive,Gender
image_867.jpg,Negative,No,Vulgar,Abusive,Gender
image_868.jpg,Negative,No,Vulgar,Abusive,Gender
image_869.jpg,Negative,No,Vulgar,Abusive,Gender
image_870.jpg,Negative,No,Vulgar,Abusive,Gender
image_871.jpg,Negative,No,Vulgar,Abusive,Gender
image_872.jpg,Negative,No,Vulgar,Abusive,Gender
image_873.jpg,Negative,No,Vulgar,Abusive,Gender
image_874.jpg,Negative,No,Vulgar,Abusive,Gender
image_875.jpg,Negative,No,Vulgar,Abusive,Gender
image_876.jpg,Negative,No,Vulgar,Abusive,Gender
image_877.jpg,Negative,No,Vulgar,Abusive,Gender
image_878.jpg,Negative,No,Vulgar,Abusive,Gender
image_879.jpg,Negative,Yes,Vulgar,Abusive,Gender
image_880.jpg,Negative,No,Vulgar,Abusive,Gender
image_881.jpg,Negative,No,Vulgar,Abusive,Gender#Others
image_882.jpg,Negative,No,Vulgar,Abusive,Gender
image_883.jpg,Negative,No,Vulgar,Abusive,Gender
image_884.jpg,Negative,No,Vulgar,Abusive,Gender
image_885.jpg,Negative,No,Vulgar,Abusive,Gender
image_886.jpg,Negative,No,Vulgar,Abusive,Gender
image_887.jpg,Negative,No,Vulgar,Abusive,Gender
image_888.jpg,Negative,No,Vulgar,Abusive,Gender
image_889.jpg,Negative,No,Vulgar,Abusive,Gender
image_890.jpg,Negative,No,Vulgar,Abusive,Gender
image_891.jpg,Negative,No,Vulgar,Abusive,Gender
image_892.jpg,Negative,No,Vulgar,Abusive,Gender
image_893.jpg,Negative,No,Vulgar,Abusive,Gender
image_894.jpg,Negative,No,Vulgar,Abusive,Gender
image_895.jpg,Negative,No,Vulgar,Abusive,Gender
image_896.jpg,Negative,No,Vulgar,Abusive,Gender
image_897.jpg,Negative,No,Vulgar,Abusive,Gender
image_898.jpg,Negative,No,Vulgar,Abusive,Gender
image_899.jpg,Negative,No,Vulgar,Abusive,Gender
image_900.jpg,Negative,No,Vulgar,Abusive,Gender
image_901.jpg,Negative,No,Vulgar,Abusive,Gender
image_902.jpg,Negative,No,Vulgar,Abusive,Gender
image_903.jpg,Negative,No,Vulgar,Abusive,Gender
image_904.jpg,Negative,No,Vulgar,Abusive,Gender
image_905.jpg,Negative,No,Vulgar,Abusive,Gender
image_906.jpg,Negative,No,Vulgar,Abusive,Gender
image_907.jpg,Negative,No,Vulgar,Abusive,Gender
image_908.jpg,Negative,No,Vulgar,Abusive,Others
image_909.jpg,Negative,No,Vulgar,Abusive,Gender
image_910.jpg,Negative,No,Vulgar,Abusive,Gender
image_911.jpg,Negative,No,Vulgar,Abusive,Gender
image_912.jpg,Negative,No,Vulgar,Abusive,Gender
image_913.jpg,Negative,No,Vulgar,Abusive,Gender
image_914.jpg,Negative,No,Vulgar,Abusive,Gender
image_915.jpg,Negative,No,Vulgar,Abusive,Gender
image_916.jpg,Negative,No,Vulgar,Abusive,Gender
image_917.jpg,Negative,No,Vulgar,Abusive,Gender
image_918.jpg,Negative,No,Vulgar,Abusive,Gender
image_919.jpg,Negative,No,Vulgar,Abusive,Gender
image_920.jpg,Negative,No,Vulgar,Abusive,Gender
image_921.jpg,Negative,No,Vulgar,Abusive,Gender
image_922.jpg,Positive,No,Vulgar,Abusive,Gender
image_923.jpg,Negative,No,Vulgar,Abusive,Gender
image_924.jpg,Negative,No,Vulgar,Abusive,Others
image_925.jpg,Negative,Yes,Not Vulgar,Abusive,Gender
image_926.jpg,Negative,No,Vulgar,Abusive,Gender#Others
image_927.jpg,Neutral,Yes,Not Vulgar,Non-abusive,Gender
image_928.jpg,Negative,No,Vulgar,Abusive,Gender#National Origin
image_929.jpg,Negative,Yes,Vulgar,Abusive,Gender
image_930.jpg,Negative,Yes,Vulgar,Abusive,Gender
image_931.jpg,Negative,Yes,Not Vulgar,Abusive,Gender#Individual
image_932.jpg,Neutral,No,Not Vulgar,Abusive,Gender
image_933.jpg,Neutral,No,Vulgar,Abusive,Gender
image_934.jpg,Neutral,Yes,Not Vulgar,Abusive,Gender
image_935.jpg,Negative,No,Vulgar,Abusive,Gender
image_936.jpg,Negative,Yes,Vulgar,Abusive,Gender
image_937.jpg,Negative,Yes,Vulgar,Abusive,Gender
image_938.jpg,Neutral,Yes,Vulgar,Abusive,Gender#Individual
image_939.jpg,Negative,Yes,Not Vulgar,Abusive,Gender
image_940.jpg,Negative,Yes,Vulgar,Abusive,Gender
image_941.jpg,Negative,No,Vulgar,Abusive,Gender
image_942.jpg,Negative,Yes,Vulgar,Abusive,Gender
image_943.jpg,Negative,Yes,Vulgar,Abusive,Gender
image_944.jpg,Neutral,No,Vulgar,Abusive,Gender
image_945.jpg,Neutral,Yes,Vulgar,Abusive,Gender
image_946.jpg,Negative,No,Vulgar,Abusive,Gender
image_947.jpg,Negative,No,Vulgar,Abusive,Gender
image_948.jpg,Negative,Yes,Vulgar,Abusive,Gender
image_949.jpg,Negative,No,Vulgar,Abusive,Gender
image_950.jpg,Negative,Yes,Vulgar,Abusive,Gender
image_951.jpg,Negative,No,Vulgar,Abusive,Gender
image_952.jpg,Negative,No,Vulgar,Abusive,Gender
image_953.jpg,Negative,No,Vulgar,Abusive,Gender
image_954.jpg,Negative,No,Vulgar,Abusive,Gender
image_955.jpg,Negative,No,Vulgar,Abusive,Gender
image_956.jpg,Negative,No,Vulgar,Abusive,Gender
image_957.jpg,Negative,No,Vulgar,Abusive,Gender
image_958.jpg,Negative,Yes,Vulgar,Abusive,Gender
image_959.jpg,Negative,No,Vulgar,Abusive,Gender
image_960.jpg,Neutral,No,Vulgar,Abusive,Gender
image_961.jpg,Neutral,No,Vulgar,Abusive,Gender
image_962.jpg,Negative,No,Vulgar,Abusive,Gender
image_963.jpg,Negative,No,Vulgar,Abusive,Gender
image_964.jpg,Negative,No,Not Vulgar,Abusive,Gender
image_965.jpg,Negative,No,Vulgar,Non-abusive,None
image_966.jpg,Neutral,No,Vulgar,Abusive,Gender
image_967.jpg,Negative,No,Vulgar,Abusive,Gender
image_968.jpg,Neutral,Yes,Vulgar,Abusive,Gender
image_969.jpg,Neutral,No,Vulgar,Non-abusive,Gender
image_970.jpg,Negative,No,Vulgar,Abusive,Gender
image_971.jpg,Negative,No,Vulgar,Abusive,Gender
image_972.jpg,Negative,No,Vulgar,Abusive,Gender
image_973.jpg,Negative,No,Vulgar,Abusive,Gender
image_974.jpg,Negative,No,Vulgar,Abusive,Gender
image_975.jpg,Negative,No,Vulgar,Abusive,Gender
image_976.jpg,Negative,No,Vulgar,Abusive,Gender
image_977.jpg,Negative,Yes,Vulgar,Abusive,Gender
image_978.jpg,Negative,No,Vulgar,Abusive,Gender
image_979.jpg,Negative,No,Vulgar,Abusive,Gender
image_980.jpg,Negative,No,Vulgar,Abusive,Gender
image_981.jpg,Negative,No,Vulgar,Abusive,Gender
image_982.jpg,Negative,No,Vulgar,Abusive,Gender
image_983.jpg,Negative,No,Vulgar,Abusive,Gender
image_984.jpg,Negative,No,Vulgar,Abusive,Gender
image_985.jpg,Negative,No,Vulgar,Abusive,Gender
image_986.jpg,Negative,No,Vulgar,Abusive,Gender
image_987.jpg,Negative,No,Vulgar,Abusive,Gender
image_988.jpg,Negative,No,Vulgar,Abusive,Gender
image_989.jpg,Negative,No,Vulgar,Abusive,Gender
image_990.jpg,Neutral,No,Vulgar,Abusive,Gender
image_991.jpg,Negative,Yes,Vulgar,Abusive,Gender#Others
image_992.jpg,Negative,No,Vulgar,Abusive,Gender#Individual
image_993.jpg,Negative,No,Vulgar,Abusive,Gender#Individual
image_994.jpg,Negative,No,Vulgar,Non-abusive,None
image_995.jpg,Negative,No,Vulgar,Abusive,Gender#Individual
image_996.jpg,Negative,No,Vulgar,Abusive,Gender
image_997.jpg,Negative,No,Vulgar,Abusive,Gender#Individual
image_998.jpg,Negative,No,Vulgar,Abusive,Gender
image_999.jpg,Negative,No,Vulgar,Abusive,Gender#Individual
image_1000.jpg,Negative,No,Vulgar,Abusive,Gender
image_1001.jpg,Negative,No,Vulgar,Abusive,Individual
image_1002.jpg,Negative,No,Vulgar,Abusive,Gender
image_1003.jpg,Negative,No,Vulgar,Abusive,Gender
image_1004.jpg,Negative,No,Vulgar,Abusive,Gender
image_1005.jpg,Negative,No,Vulgar,Abusive,Gender
image_1006.jpg,Negative,No,Vulgar,Abusive,Gender
image_1007.jpg,Negative,No,Vulgar,Abusive,Gender
image_1008.jpg,Negative,No,Vulgar,Abusive,Individual
image_1009.jpg,Negative,No,Vulgar,Abusive,Gender
image_1010.jpg,Negative,No,Vulgar,Abusive,Gender
image_1012.jpg,Negative,No,Vulgar,Abusive,Gender#National Origin
image_1013.jpg,Negative,No,Vulgar,Abusive,National Origin
image_1014.jpg,Negative,No,Vulgar,Abusive,National Origin
image_1015.jpg,Negative,No,Vulgar,Abusive,None
image_1016.jpg,Negative,No,Vulgar,Abusive,National Origin
image_1017.jpg,Negative,No,Vulgar,Abusive,National Origin
image_1018.jpg,Negative,No,Vulgar,Abusive,National Origin
image_1019.jpg,Negative,No,Vulgar,Abusive,None
image_1020.jpg,Negative,No,Vulgar,Abusive,National Origin
image_1021.jpg,Negative,No,Vulgar,Abusive,National Origin
image_1022.jpg,Negative,No,Vulgar,Abusive,National Origin
image_1023.jpg,Negative,No,Vulgar,Abusive,National Origin
image_1024.jpg,Negative,No,Vulgar,Abusive,National Origin
image_1025.jpg,Negative,No,Vulgar,Abusive,National Origin
image_1026.jpg,Negative,No,Vulgar,Abusive,National Origin
image_1027.jpg,Negative,No,Vulgar,Abusive,National Origin
image_1028.jpg,Negative,Yes,Vulgar,Abusive,National Origin
image_1029.jpg,Neutral,Yes,Vulgar,Abusive,National Origin
image_1030.jpg,Negative,No,Vulgar,Abusive,National Origin
image_1031.jpg,Negative,No,Vulgar,Abusive,National Origin
image_1032.jpg,Negative,No,Vulgar,Abusive,Gender#National Origin
image_1033.jpg,Negative,No,Vulgar,Abusive,National Origin
image_1034.jpg,Negative,Yes,Vulgar,Abusive,National Origin
image_1035.jpg,Negative,No,Vulgar,Abusive,National Origin
image_1036.jpg,Negative,No,Vulgar,Abusive,National Origin
image_1037.jpg,Negative,No,Vulgar,Abusive,National Origin
image_1038.jpg,Negative,No,Vulgar,Abusive,National Origin
image_1039.jpg,Negative,No,Vulgar,Abusive,National Origin
image_1040.jpg,Negative,No,Vulgar,Abusive,National Origin
image_1041.jpg,Positive,Yes,Not Vulgar,Abusive,National Origin
image_1042.jpg,Negative,No,Vulgar,Abusive,National Origin
image_1043.jpg,Negative,No,Vulgar,Abusive,National Origin
image_1044.jpg,Negative,No,Vulgar,Abusive,National Origin
image_1045.jpg,Neutral,Yes,Not Vulgar,Abusive,National Origin
image_1046.jpg,Neutral,Yes,Not Vulgar,Abusive,National Origin
image_1047.jpg,Negative,No,Vulgar,Abusive,National Origin
image_1048.jpg,Negative,No,Vulgar,Abusive,National Origin
image_1049.jpg,Negative,No,Vulgar,Abusive,National Origin
image_1050.jpg,Negative,No,Vulgar,Abusive,National Origin
image_1051.jpg,Positive,No,Vulgar,Abusive,National Origin
image_1052.jpg,Negative,No,Vulgar,Abusive,National Origin
image_1053.jpg,Negative,No,Vulgar,Abusive,National Origin
image_1054.jpg,Negative,No,Vulgar,Abusive,Gender
image_1055.jpg,Negative,No,Vulgar,Abusive,National Origin
image_1056.jpg,Negative,No,Vulgar,Abusive,National Origin
image_1057.jpg,Negative,No,Vulgar,Abusive,National Origin
image_1058.jpg,Negative,No,Vulgar,Abusive,National Origin
image_1059.jpg,Negative,No,Vulgar,Abusive,National Origin
image_1060.jpg,Negative,No,Vulgar,Abusive,National Origin
image_1061.jpg,Negative,No,Vulgar,Abusive,National Origin
image_1062.jpg,Negative,Yes,Vulgar,Abusive,National Origin
image_1063.jpg,Negative,Yes,Vulgar,Abusive,Individual
image_1064.jpg,Negative,Yes,Vulgar,Abusive,Individual
image_1065.jpg,Negative,Yes,Vulgar,Abusive,Individual
image_1066.jpg,Neutral,Yes,Vulgar,Abusive,Individual
image_1067.jpg,Negative,Yes,Vulgar,Abusive,Individual
image_1068.jpg,Negative,Yes,Vulgar,Abusive,Individual
image_1069.jpg,Negative,No,Vulgar,Abusive,Religion
image_1070.jpg,Negative,No,Vulgar,Abusive,Gender#Individual
image_1071.jpg,Negative,No,Vulgar,Abusive,Religion
image_1072.jpg,Negative,No,Vulgar,Abusive,Religion
image_1073.jpg,Negative,No,Vulgar,Abusive,Religion
image_1074.jpg,Negative,No,Vulgar,Abusive,Religion
image_1075.jpg,Negative,Yes,Vulgar,Abusive,Individual
image_1076.jpg,Negative,No,Vulgar,Abusive,Individual
image_1077.jpg,Negative,No,Vulgar,Abusive,Others
image_1078.jpg,Negative,No,Vulgar,Abusive,Individual
image_1079.jpg,Negative,No,Vulgar,Abusive,Individual
image_1080.jpg,Negative,No,Vulgar,Abusive,Individual
image_1081.jpg,Negative,Yes,Vulgar,Abusive,Individual
image_1082.jpg,Negative,No,Vulgar,Abusive,Gender
image_1083.jpg,Negative,No,Vulgar,Abusive,Gender
image_1084.jpg,Negative,No,Vulgar,Abusive,Gender
image_1086.jpg,Negative,No,Vulgar,Abusive,Gender
image_1087.jpg,Negative,No,Vulgar,Abusive,Religion
image_1088.jpg,Negative,No,Vulgar,Abusive,Gender
image_1089.jpg,Negative,Yes,Vulgar,Abusive,Individual
image_1090.jpg,Negative,No,Vulgar,Abusive,Political
image_1091.jpg,Negative,No,Not Vulgar,Abusive,Others
image_1092.jpg,Negative,No,Vulgar,Abusive,Gender#Others
image_1093.jpg,Negative,Yes,Vulgar,Abusive,Gender#Others
image_1094.jpg,Negative,No,Vulgar,Abusive,National Origin#Others
image_1095.jpg,Negative,No,Vulgar,Abusive,Gender
image_1096.jpg,Negative,No,Vulgar,Abusive,Religion
image_1097.jpg,Negative,No,Vulgar,Abusive,National Origin
image_1098.jpg,Negative,No,Vulgar,Abusive,Individual
image_1099.jpg,Negative,No,Vulgar,Abusive,Individual
image_1100.jpg,Negative,No,Vulgar,Abusive,Religion#National Origin
image_1101.jpg,Negative,No,Vulgar,Abusive,Others
image_1102.jpg,Negative,No,Vulgar,Abusive,Individual
image_1103.jpg,Negative,No,Vulgar,Abusive,National Origin
image_1104.jpg,Negative,No,Vulgar,Abusive,Individual
image_1105.jpg,Negative,No,Vulgar,Non-abusive,Political
image_1106.jpg,Negative,No,Not Vulgar,Abusive,Individual
image_1107.jpg,Neutral,Yes,Not Vulgar,Abusive,Individual
image_1108.jpg,Positive,Yes,Not Vulgar,Abusive,Individual
image_1109.jpg,Negative,Yes,Vulgar,Abusive,Individual
image_1110.jpg,Negative,Yes,Vulgar,Abusive,Individual
image_1111.jpg,Negative,No,Vulgar,Abusive,Individual
image_1112.jpg,Negative,No,Vulgar,Abusive,Individual
image_1113.jpg,Negative,No,Vulgar,Abusive,Individual
image_1114.jpg,Negative,Yes,Vulgar,Abusive,Individual
image_1115.jpg,Negative,Yes,Vulgar,Abusive,Political
image_1116.jpg,Negative,Yes,Vulgar,Abusive,National Origin#Individual
image_1117.jpg,Negative,No,Vulgar,Abusive,Individual
image_1118.jpg,Positive,No,Not Vulgar,Abusive,Individual
image_1119.jpg,Negative,No,Vulgar,Abusive,Religion#Others
image_1120.jpg,Negative,No,Vulgar,Abusive,Individual
image_1121.jpg,Negative,No,Vulgar,Abusive,Gender
image_1122.jpg,Negative,No,Not Vulgar,Abusive,Religion
image_1123.jpg,Negative,No,Vulgar,Abusive,Religion#National Origin
image_1124.jpg,Negative,Yes,Vulgar,Abusive,Individual
image_1125.jpg,Neutral,Yes,Not Vulgar,Abusive,Individual
image_1126.jpg,Negative,Yes,Vulgar,Abusive,Individual
image_1127.jpg,Negative,Yes,Vulgar,Abusive,Individual
image_1128.jpg,Neutral,Yes,Not Vulgar,Abusive,Individual
image_1129.jpg,Negative,No,Vulgar,Abusive,National Origin
image_1130.jpg,Negative,No,Vulgar,Abusive,Individual
image_1131.jpg,Negative,No,Vulgar,Abusive,Gender
image_1132.jpg,Negative,No,Vulgar,Abusive,Gender
image_1133.jpg,Negative,No,Vulgar,Abusive,Gender
image_1134.jpg,Negative,No,Vulgar,Abusive,Gender
image_1135.jpg,Negative,No,Vulgar,Abusive,Individual
image_1136.jpg,Negative,Yes,Vulgar,Abusive,National Origin
image_1137.jpg,Neutral,No,Not Vulgar,Abusive,National Origin
image_1138.jpg,Negative,No,Vulgar,Abusive,National Origin#Individual
image_1139.jpg,Negative,No,Vulgar,Abusive,Religion
image_1140.jpg,Negative,No,Vulgar,Abusive,Religion
image_1141.jpg,Negative,No,Not Vulgar,Abusive,Others
image_1142.jpg,Neutral,No,Not Vulgar,Abusive,Religion
image_1143.jpg,Neutral,Yes,Vulgar,Abusive,Religion
image_1144.jpg,Negative,No,Vulgar,Abusive,Gender
image_1145.jpg,Negative,No,Vulgar,Abusive,Gender
image_1146.jpg,Neutral,Yes,Vulgar,Abusive,Gender
image_1147.jpg,Negative,No,Not Vulgar,Abusive,Gender
image_1148.jpg,Negative,No,Vulgar,Abusive,National Origin
image_1149.jpg,Negative,No,Vulgar,Abusive,National Origin
image_1150.jpg,Negative,Yes,Vulgar,Abusive,National Origin
image_1151.jpg,Negative,No,Vulgar,Abusive,National Origin
image_1152.jpg,Negative,No,Vulgar,Abusive,National Origin
image_1153.jpg,Negative,No,Vulgar,Abusive,National Origin
image_1154.jpg,Negative,No,Vulgar,Abusive,Individual
image_1155.jpg,Negative,Yes,Vulgar,Abusive,National Origin
image_1156.jpg,Negative,No,Not Vulgar,Abusive,National Origin
image_1157.jpg,Negative,No,Vulgar,Abusive,National Origin
image_1158.jpg,Negative,No,Vulgar,Abusive,National Origin
image_1159.jpg,Negative,Yes,Vulgar,Abusive,National Origin
image_1160.jpg,Negative,Yes,Vulgar,Abusive,National Origin
image_1161.jpg,Negative,No,Not Vulgar,Abusive,National Origin
image_1162.jpg,Negative,No,Vulgar,Abusive,Religion
image_1163.jpg,Negative,Yes,Vulgar,Abusive,Individual
image_1164.jpg,Negative,Yes,Vulgar,Abusive,National Origin
image_1165.jpg,Negative,Yes,Vulgar,Abusive,National Origin
image_1166.jpg,Negative,Yes,Vulgar,Abusive,National Origin
image_1167.jpg,Negative,No,Vulgar,Abusive,Religion
image_1168.jpg,Negative,Yes,Vulgar,Abusive,National Origin
image_1169.jpg,Negative,Yes,Vulgar,Abusive,National Origin
image_1170.jpg,Negative,Yes,Vulgar,Abusive,National Origin
image_1171.jpg,Negative,No,Vulgar,Abusive,National Origin
image_1172.jpg,Negative,No,Not Vulgar,Abusive,Others
image_1173.jpg,Negative,Yes,Not Vulgar,Abusive,Others
image_1174.jpg,Neutral,Yes,Not Vulgar,Abusive,Others
image_1175.jpg,Negative,Yes,Not Vulgar,Abusive,Others
image_1176.jpg,Negative,No,Not Vulgar,Abusive,Others
image_1177.jpg,Negative,Yes,Vulgar,Abusive,National Origin
image_1178.jpg,Negative,Yes,Vulgar,Abusive,National Origin
image_1179.jpg,Negative,Yes,Not Vulgar,Abusive,National Origin
image_1180.jpg,Positive,Yes,Vulgar,Abusive,National Origin
image_1181.jpg,Positive,Yes,Not Vulgar,Abusive,National Origin
image_1182.jpg,Neutral,Yes,Not Vulgar,Abusive,National Origin
image_1183.jpg,Negative,Yes,Vulgar,Abusive,National Origin
image_1184.jpg,Neutral,Yes,Vulgar,Abusive,National Origin
image_1185.jpg,Negative,No,Vulgar,Abusive,National Origin
image_1186.jpg,Positive,Yes,Not Vulgar,Abusive,National Origin
image_1187.jpg,Negative,No,Vulgar,Abusive,National Origin
image_1188.jpg,Negative,No,Not Vulgar,Abusive,Religion#National Origin
image_1189.jpg,Negative,No,Vulgar,Abusive,National Origin
image_1190.jpg,Negative,No,Vulgar,Abusive,National Origin
image_1191.jpg,Negative,No,Vulgar,Abusive,National Origin
image_1192.jpg,Negative,Yes,Vulgar,Abusive,National Origin
image_1193.jpg,Negative,No,Vulgar,Abusive,Religion
image_1194.jpg,Negative,No,Vulgar,Abusive,National Origin
image_1195.jpg,Negative,No,Vulgar,Abusive,Religion
image_1196.jpg,Negative,No,Vulgar,Abusive,Religion
image_1197.jpg,Negative,No,Vulgar,Non-abusive,Individual
image_1198.jpg,Negative,No,Vulgar,Abusive,Gender
image_1199.jpg,Negative,No,Vulgar,Abusive,National Origin
image_1200.jpg,Neutral,Yes,Vulgar,Abusive,Religion
image_1201.jpg,Negative,No,Vulgar,Abusive,National Origin
image_1202.jpg,Neutral,No,Not Vulgar,Abusive,National Origin
image_1204.jpg,Negative,No,Vulgar,Abusive,National Origin
image_1205.jpg,Negative,Yes,Vulgar,Abusive,National Origin
image_1206.jpg,Negative,No,Vulgar,Abusive,National Origin
image_1207.jpg,Negative,No,Vulgar,Abusive,National Origin
image_1208.jpg,Negative,No,Vulgar,Abusive,National Origin
image_1209.jpg,Negative,No,Vulgar,Abusive,National Origin
image_1210.jpg,Negative,No,Not Vulgar,Abusive,National Origin
image_1211.jpg,Negative,No,Vulgar,Abusive,National Origin
image_1212.jpg,Negative,Yes,Not Vulgar,Abusive,Individual
image_1213.jpg,Negative,No,Vulgar,Abusive,Individual
image_1214.jpg,Negative,No,Not Vulgar,Non-abusive,Religion
image_1215.jpg,Negative,No,Vulgar,Abusive,Individual
image_1216.jpg,Negative,No,Vulgar,Abusive,Others
image_1217.jpg,Positive,Yes,Vulgar,Abusive,Religion
image_1218.jpg,Neutral,No,Not Vulgar,Non-abusive,Political
image_1219.jpg,Positive,Yes,Vulgar,Abusive,Individual
image_1220.jpg,Neutral,No,Vulgar,Abusive,Individual
image_1221.jpg,Negative,Yes,Vulgar,Abusive,Individual
image_1222.jpg,Positive,No,Vulgar,Abusive,Others
image_1223.jpg,Neutral,No,Not Vulgar,Abusive,Religion
image_1224.jpg,Negative,No,Vulgar,Abusive,Others
image_1225.jpg,Negative,No,Vulgar,Abusive,Individual
image_1226.jpg,Negative,Yes,Vulgar,Abusive,Individual
image_1227.jpg,Negative,No,Vulgar,Abusive,Individual
image_1228.jpg,Negative,Yes,Vulgar,Abusive,Individual
image_1229.jpg,Negative,Yes,Vulgar,Abusive,Individual
image_1230.jpg,Negative,Yes,Vulgar,Abusive,Individual
image_1231.jpg,Negative,No,Not Vulgar,Abusive,Religion
image_1232.jpg,Negative,No,Not Vulgar,Non-abusive,Religion
image_1233.jpg,Negative,No,Vulgar,Abusive,Individual#Political
image_1234.jpg,Negative,No,Vulgar,Non-abusive,Religion
image_1235.jpg,Negative,Yes,Vulgar,Abusive,Individual
image_1236.jpg,Negative,No,Vulgar,Abusive,Political
image_1237.jpg,Negative,No,Not Vulgar,Non-abusive,Individual
image_1238.jpg,Negative,No,Vulgar,Abusive,Religion
image_1239.jpg,Negative,No,Vulgar,Abusive,National Origin
image_1240.jpg,Negative,No,Vulgar,Abusive,National Origin
image_1241.jpg,Negative,No,Vulgar,Abusive,National Origin
image_1242.jpg,Negative,No,Vulgar,Abusive,National Origin
image_1243.jpg,Negative,No,Vulgar,Abusive,National Origin
image_1244.jpg,Negative,No,Vulgar,Abusive,Religion
image_1245.jpg,Negative,Yes,Not Vulgar,Non-abusive,Political
image_1246.jpg,Negative,No,Vulgar,Non-abusive,None
image_1247.jpg,Negative,No,Vulgar,Abusive,National Origin
image_1248.jpg,Negative,No,Vulgar,Abusive,Religion
image_1249.jpg,Negative,No,Not Vulgar,Non-abusive,Political
image_1250.jpg,Negative,No,Not Vulgar,Non-abusive,Political
image_1251.jpg,Negative,No,Not Vulgar,Non-abusive,Religion
image_1252.jpg,Negative,No,Vulgar,Abusive,Individual
image_1253.jpg,Negative,No,Not Vulgar,Non-abusive,None
image_1255.jpg,Negative,No,Not Vulgar,Non-abusive,Religion
image_1256.jpg,Negative,Yes,Not Vulgar,Abusive,Political
image_1257.jpg,Negative,No,Vulgar,Abusive,Individual
image_1259.jpg,Negative,No,Vulgar,Abusive,Individual
image_1260.jpg,Neutral,No,Not Vulgar,Abusive,Political
image_1261.jpg,Negative,No,Vulgar,Abusive,Political
image_1262.jpg,Negative,Yes,Vulgar,Abusive,Political
image_1263.jpg,Negative,No,Vulgar,Abusive,Religion
image_1264.jpg,Negative,Yes,Vulgar,Abusive,Individual
image_1265.jpg,Negative,No,Vulgar,Abusive,Gender
image_1267.jpg,Negative,No,Vulgar,Abusive,Individual
image_1268.jpg,Negative,Yes,Vulgar,Abusive,Political
image_1269.jpg,Negative,No,Vulgar,Abusive,Religion
image_1270.jpg,Negative,No,Not Vulgar,Abusive,Others
image_1271.jpg,Neutral,Yes,Not Vulgar,Abusive,Religion
image_1272.jpg,Negative,Yes,Not Vulgar,Non-abusive,Political
image_1273.jpg,Negative,No,Vulgar,Abusive,Religion
image_1274.jpg,Negative,No,Not Vulgar,Abusive,Religion
image_1275.jpg,Neutral,No,Not Vulgar,Non-abusive,Political
image_1276.jpg,Negative,No,Vulgar,Abusive,Religion
image_1277.jpg,Negative,No,Vulgar,Abusive,Others
image_1278.jpg,Negative,No,Vulgar,Abusive,Religion
image_1279.jpg,Negative,Yes,Not Vulgar,Abusive,Others
image_1280.jpg,Negative,No,Vulgar,Abusive,Religion
image_1281.jpg,Negative,Yes,Vulgar,Abusive,Individual
image_1282.jpg,Negative,No,Vulgar,Abusive,Religion
image_1283.jpg,Negative,No,Vulgar,Abusive,Religion
image_1284.jpg,Negative,No,Not Vulgar,Abusive,Others
image_1285.jpg,Negative,No,Not Vulgar,Non-abusive,Religion
image_1286.jpg,Neutral,No,Not Vulgar,Non-abusive,Religion
image_1287.jpg,Negative,No,Vulgar,Non-abusive,None
image_1288.jpg,Negative,No,Vulgar,Abusive,Others
image_1289.jpg,Negative,No,Vulgar,Non-abusive,None
image_1290.jpg,Neutral,No,Vulgar,Non-abusive,None
image_1291.jpg,Neutral,Yes,Vulgar,Abusive,Gender
image_1292.jpg,Positive,Yes,Vulgar,Abusive,Gender
image_1293.jpg,Neutral,No,Vulgar,Non-abusive,None
image_1294.jpg,Positive,Yes,Vulgar,Abusive,Individual
image_1295.jpg,Neutral,No,Not Vulgar,Abusive,Individual
image_1296.jpg,Neutral,Yes,Not Vulgar,Abusive,Gender
image_1297.jpg,Negative,No,Vulgar,Abusive,Individual
image_1298.jpg,Negative,Yes,Not Vulgar,Abusive,Individual
image_1299.jpg,Neutral,Yes,Not Vulgar,Abusive,Individual
image_1300.jpg,Neutral,No,Vulgar,Abusive,Individual#Others
image_1301.jpg,Neutral,Yes,Not Vulgar,Non-abusive,None
image_1302.jpg,Negative,No,Vulgar,Non-abusive,None
image_1303.jpg,Neutral,No,Not Vulgar,Non-abusive,None
image_1304.jpg,Neutral,No,Not Vulgar,Non-abusive,None
image_1305.jpg,Negative,No,Vulgar,Non-abusive,None
image_1306.jpg,Negative,No,Vulgar,Non-abusive,None
image_1307.jpg,Negative,No,Vulgar,Non-abusive,None
image_1308.jpg,Neutral,Yes,Not Vulgar,Non-abusive,National Origin#Others
image_1309.jpg,Neutral,No,Vulgar,Non-abusive,None
image_1310.jpg,Neutral,No,Not Vulgar,Non-abusive,National Origin
image_1311.jpg,Negative,No,Not Vulgar,Non-abusive,Others
image_1312.jpg,Neutral,Yes,Not Vulgar,Non-abusive,None
image_1313.jpg,Neutral,No,Not Vulgar,Non-abusive,Individual
image_1314.jpg,Positive,No,Not Vulgar,Non-abusive,Religion
image_1315.jpg,Positive,Yes,Vulgar,Non-abusive,Gender
image_1316.jpg,Positive,No,Not Vulgar,Non-abusive,Gender
image_1317.jpg,Neutral,No,Not Vulgar,Non-abusive,National Origin
image_1318.jpg,Neutral,No,Not Vulgar,Non-abusive,National Origin
image_1319.jpg,Neutral,No,Not Vulgar,Non-abusive,Political
image_1320.jpg,Negative,No,Not Vulgar,Non-abusive,Religion#Others
image_1321.jpg,Negative,No,Vulgar,Non-abusive,Individual#Political
image_1322.jpg,Negative,No,Not Vulgar,Non-abusive,Religion
image_1323.jpg,Negative,Yes,Not Vulgar,Non-abusive,Political
image_1324.jpg,Positive,Yes,Not Vulgar,Non-abusive,None
image_1325.jpg,Positive,No,Not Vulgar,Non-abusive,None
image_1326.jpg,Positive,No,Not Vulgar,Non-abusive,None
image_1327.jpg,Neutral,No,Not Vulgar,Non-abusive,Religion
image_1328.jpg,Negative,No,Vulgar,Abusive,Political
image_1329.jpg,Positive,No,Not Vulgar,Non-abusive,National Origin
image_1330.jpg,Negative,No,Not Vulgar,Non-abusive,None
image_1331.jpg,Neutral,No,Not Vulgar,Non-abusive,Political
image_1332.jpg,Negative,No,Not Vulgar,Non-abusive,Others
image_1333.jpg,Negative,No,Not Vulgar,Non-abusive,Others
image_1334.jpg,Negative,No,Not Vulgar,Non-abusive,Religion
image_1335.jpg,Positive,No,Not Vulgar,Non-abusive,Political
image_1336.jpg,Negative,Yes,Not Vulgar,Non-abusive,Individual
image_1337.jpg,Neutral,No,Not Vulgar,Non-abusive,National Origin
image_1338.jpg,Positive,No,Not Vulgar,Non-abusive,Religion
image_1339.jpg,Neutral,No,Not Vulgar,Non-abusive,None
image_1340.jpg,Positive,No,Not Vulgar,Non-abusive,Religion#National Origin
image_1341.jpg,Neutral,No,Not Vulgar,Non-abusive,None
image_1342.jpg,Neutral,No,Not Vulgar,Non-abusive,Political
image_1343.jpg,Neutral,No,Not Vulgar,Non-abusive,Political
image_1344.jpg,Negative,No,Not Vulgar,Non-abusive,Religion
image_1345.jpg,Neutral,No,Not Vulgar,Non-abusive,Religion
image_1346.jpg,Neutral,No,Not Vulgar,Non-abusive,Religion
image_1347.jpg,Neutral,No,Not Vulgar,Non-abusive,Gender#Religion
image_1348.jpg,Neutral,No,Not Vulgar,Non-abusive,Religion
image_1349.jpg,Neutral,No,Not Vulgar,Non-abusive,Religion
image_1350.jpg,Negative,Yes,Not Vulgar,Abusive,Individual
image_1351.jpg,Negative,No,Vulgar,Non-abusive,None
image_1352.jpg,Neutral,No,Not Vulgar,Non-abusive,None
image_1353.jpg,Negative,No,Not Vulgar,Non-abusive,None
image_1354.jpg,Negative,No,Not Vulgar,Non-abusive,Religion
image_1355.jpg,Neutral,Yes,Not Vulgar,Non-abusive,None
image_1356.jpg,Positive,No,Not Vulgar,Non-abusive,None
image_1357.jpg,Neutral,Yes,Not Vulgar,Non-abusive,None
image_1358.jpg,Neutral,Yes,Not Vulgar,Non-abusive,None
image_1359.jpg,Neutral,No,Not Vulgar,Non-abusive,None
image_1360.jpg,Positive,No,Not Vulgar,Non-abusive,Religion
image_1361.jpg,Neutral,No,Not Vulgar,Non-abusive,None
image_1362.jpg,Neutral,No,Not Vulgar,Non-abusive,Religion
image_1363.jpg,Neutral,No,Not Vulgar,Non-abusive,None
image_1364.jpg,Positive,No,Not Vulgar,Non-abusive,Individual
image_1365.jpg,Negative,No,Vulgar,Abusive,National Origin
image_1366.jpg,Negative,No,Vulgar,Abusive,National Origin
image_1367.jpg,Neutral,Yes,Not Vulgar,Abusive,National Origin
image_1368.jpg,Negative,No,Vulgar,Abusive,National Origin
image_1369.jpg,Negative,No,Vulgar,Abusive,National Origin
image_1370.jpg,Neutral,No,Vulgar,Abusive,Religion#National Origin
image_1371.jpg,Negative,Yes,Not Vulgar,Abusive,National Origin
image_1372.jpg,Negative,No,Vulgar,Abusive,National Origin
image_1373.jpg,Negative,No,Vulgar,Abusive,National Origin
image_1374.jpg,Negative,No,Vulgar,Abusive,National Origin
image_1375.jpg,Negative,No,Vulgar,Abusive,National Origin
image_1376.jpg,Negative,No,Vulgar,Abusive,National Origin#Individual
image_1377.jpg,Negative,No,Vulgar,Abusive,National Origin
image_1378.jpg,Negative,No,Vulgar,Abusive,National Origin
image_1379.jpg,Negative,No,Vulgar,Abusive,National Origin
image_1380.jpg,Neutral,Yes,Not Vulgar,Non-abusive,Gender
image_1381.jpg,Neutral,Yes,Not Vulgar,Non-abusive,Gender
image_1382.jpg,Neutral,Yes,Not Vulgar,Non-abusive,None
image_1383.jpg,Neutral,Yes,Not Vulgar,Non-abusive,Gender
image_1384.jpg,Negative,Yes,Not Vulgar,Abusive,Gender
image_1385.jpg,Neutral,Yes,Not Vulgar,Abusive,None
image_1386.jpg,Neutral,Yes,Vulgar,Abusive,Gender
image_1387.jpg,Negative,Yes,Not Vulgar,Non-abusive,None
image_1388.jpg,Negative,Yes,Not Vulgar,Non-abusive,None
image_1389.jpg,Neutral,Yes,Not Vulgar,Non-abusive,None
image_1390.jpg,Neutral,No,Not Vulgar,Non-abusive,None
image_1391.jpg,Neutral,Yes,Not Vulgar,Non-abusive,None
image_1392.jpg,Negative,Yes,Vulgar,Abusive,Gender
image_1393.jpg,Positive,Yes,Not Vulgar,Non-abusive,Gender
image_1394.jpg,Neutral,Yes,Not Vulgar,Non-abusive,None
image_1395.jpg,Neutral,Yes,Not Vulgar,Abusive,Gender
image_1396.jpg,Neutral,No,Not Vulgar,Non-abusive,Gender
image_1397.jpg,Negative,Yes,Not Vulgar,Non-abusive,None
image_1398.jpg,Neutral,No,Not Vulgar,Abusive,Gender
image_1399.jpg,Negative,Yes,Vulgar,Non-abusive,None
image_1400.jpg,Negative,No,Not Vulgar,Non-abusive,Individual
image_1401.jpg,Positive,No,Not Vulgar,Non-abusive,None
image_1402.jpg,Positive,No,Not Vulgar,Non-abusive,None
image_1403.jpg,Neutral,Yes,Not Vulgar,Non-abusive,Gender
image_1404.jpg,Negative,No,Vulgar,Abusive,Gender
image_1405.jpg,Negative,No,Vulgar,Abusive,Others
image_1406.jpg,Negative,No,Not Vulgar,Non-abusive,Gender
image_1407.jpg,Neutral,No,Not Vulgar,Non-abusive,Gender
image_1408.jpg,Neutral,Yes,Not Vulgar,Non-abusive,Gender
image_1409.jpg,Negative,Yes,Not Vulgar,Abusive,Gender
image_1410.jpg,Positive,No,Not Vulgar,Non-abusive,None
image_1411.jpg,Negative,No,Not Vulgar,Non-abusive,None
image_1412.jpg,Positive,Yes,Vulgar,Non-abusive,Gender
image_1413.jpg,Neutral,No,Not Vulgar,Non-abusive,Gender
image_1414.jpg,Negative,Yes,Not Vulgar,Non-abusive,None
image_1415.jpg,Positive,No,Not Vulgar,Non-abusive,Gender
image_1416.jpg,Negative,No,Vulgar,Non-abusive,None
image_1417.jpg,Neutral,No,Not Vulgar,Non-abusive,Gender
image_1418.jpg,Negative,No,Not Vulgar,Non-abusive,Gender
image_1419.jpg,Neutral,No,Not Vulgar,Non-abusive,Gender
image_1420.jpg,Negative,No,Not Vulgar,Non-abusive,Gender
image_1421.jpg,Negative,No,Vulgar,Abusive,Gender
image_1422.jpg,Positive,No,Not Vulgar,Non-abusive,None
image_1423.jpg,Negative,No,Not Vulgar,Non-abusive,Gender
image_1424.jpg,Positive,No,Not Vulgar,Non-abusive,Gender
image_1425.jpg,Neutral,No,Not Vulgar,Non-abusive,None
image_1426.jpg,Negative,No,Vulgar,Abusive,Gender
image_1427.jpg,Neutral,No,Not Vulgar,Non-abusive,Gender
image_1428.jpg,Neutral,Yes,Not Vulgar,Non-abusive,None
image_1429.jpg,Neutral,No,Not Vulgar,Non-abusive,Gender
image_1430.jpg,Neutral,Yes,Vulgar,Non-abusive,None
image_1431.jpg,Positive,Yes,Vulgar,Abusive,Gender
image_1432.jpg,Neutral,No,Not Vulgar,Non-abusive,Gender
image_1433.jpg,Positive,No,Not Vulgar,Non-abusive,None
image_1434.jpg,Positive,No,Not Vulgar,Non-abusive,None
image_1435.jpg,Neutral,No,Not Vulgar,Non-abusive,None
image_1436.jpg,Negative,No,Not Vulgar,Non-abusive,Gender
image_1437.jpg,Negative,No,Vulgar,Abusive,Gender
image_1438.jpg,Neutral,No,Not Vulgar,Non-abusive,None
image_1439.jpg,Positive,Yes,Not Vulgar,Non-abusive,Gender
image_1440.jpg,Neutral,No,Not Vulgar,Non-abusive,None
image_1441.jpg,Neutral,No,Not Vulgar,Non-abusive,Gender
image_1442.jpg,Neutral,Yes,Not Vulgar,Non-abusive,None
image_1443.jpg,Neutral,Yes,Not Vulgar,Non-abusive,Gender
image_1444.jpg,Negative,No,Not Vulgar,Non-abusive,None
image_1445.jpg,Positive,No,Not Vulgar,Non-abusive,Gender
image_1446.jpg,Neutral,Yes,Not Vulgar,Non-abusive,Gender
image_1447.jpg,Neutral,Yes,Not Vulgar,Non-abusive,Gender
image_1448.jpg,Neutral,Yes,Not Vulgar,Non-abusive,Gender
image_1449.jpg,Neutral,Yes,Not Vulgar,Non-abusive,None
image_1450.jpg,Negative,No,Not Vulgar,Non-abusive,None
image_1451.jpg,Positive,No,Not Vulgar,Non-abusive,Gender
image_1452.jpg,Negative,Yes,Not Vulgar,Non-abusive,Gender
image_1453.jpg,Neutral,No,Not Vulgar,Non-abusive,None
image_1454.jpg,Positive,No,Vulgar,Abusive,Gender
image_1455.jpg,Neutral,No,Vulgar,Abusive,Gender
image_1456.jpg,Neutral,No,Vulgar,Non-abusive,Gender
image_1457.jpg,Neutral,No,Not Vulgar,Non-abusive,None
image_1458.jpg,Negative,No,Not Vulgar,Abusive,Gender
image_1459.jpg,Neutral,Yes,Not Vulgar,Non-abusive,None
image_1460.jpg,Positive,Yes,Not Vulgar,Non-abusive,Gender
image_1461.jpg,Neutral,Yes,Not Vulgar,Abusive,Gender
image_1462.jpg,Negative,No,Not Vulgar,Non-abusive,None
image_1463.jpg,Negative,No,Not Vulgar,Non-abusive,Gender
image_1464.jpg,Negative,Yes,Vulgar,Abusive,Others
image_1465.jpg,Neutral,Yes,Not Vulgar,Non-abusive,Gender
image_1466.jpg,Negative,Yes,Not Vulgar,Non-abusive,None
image_1467.jpg,Neutral,Yes,Not Vulgar,Non-abusive,None
image_1468.jpg,Neutral,No,Vulgar,Non-abusive,None
image_1469.jpg,Neutral,No,Not Vulgar,Non-abusive,Gender
image_1470.jpg,Neutral,No,Not Vulgar,Non-abusive,Gender
image_1471.jpg,Neutral,Yes,Not Vulgar,Non-abusive,Gender
image_1472.jpg,Negative,No,Vulgar,Non-abusive,None
image_1473.jpg,Neutral,Yes,Not Vulgar,Non-abusive,None
image_1474.jpg,Positive,No,Not Vulgar,Non-abusive,None
image_1475.jpg,Negative,Yes,Not Vulgar,Non-abusive,None
image_1476.jpg,Negative,No,Not Vulgar,Non-abusive,None
image_1477.jpg,Negative,No,Not Vulgar,Non-abusive,Gender
image_1478.jpg,Neutral,No,Not Vulgar,Non-abusive,Gender
image_1479.jpg,Neutral,No,Not Vulgar,Non-abusive,None
image_1480.jpg,Negative,Yes,Not Vulgar,Non-abusive,None
image_1481.jpg,Neutral,No,Not Vulgar,Non-abusive,None
image_1482.jpg,Negative,No,Vulgar,Abusive,Individual#Political
image_1483.jpg,Neutral,Yes,Not Vulgar,Non-abusive,None
image_1484.jpg,Neutral,Yes,Not Vulgar,Non-abusive,None
image_1485.jpg,Neutral,No,Not Vulgar,Non-abusive,Gender
image_1486.jpg,Neutral,Yes,Not Vulgar,Non-abusive,None
image_1487.jpg,Negative,No,Not Vulgar,Non-abusive,Gender
image_1488.jpg,Neutral,Yes,Vulgar,Non-abusive,Gender
image_1489.jpg,Negative,Yes,Vulgar,Abusive,Gender
image_1490.jpg,Neutral,Yes,Not Vulgar,Non-abusive,None
image_1491.jpg,Neutral,No,Vulgar,Abusive,Gender
image_1492.jpg,Neutral,Yes,Not Vulgar,Non-abusive,Gender
image_1493.jpg,Neutral,Yes,Not Vulgar,Non-abusive,Gender
image_1494.jpg,Neutral,No,Not Vulgar,Non-abusive,Gender
image_1495.jpg,Neutral,Yes,Not Vulgar,Non-abusive,None
image_1496.jpg,Negative,Yes,Vulgar,Abusive,Gender
image_1497.jpg,Positive,No,Not Vulgar,Non-abusive,Gender
image_1498.jpg,Negative,Yes,Vulgar,Non-abusive,None
image_1499.jpg,Neutral,No,Not Vulgar,Non-abusive,None
image_1500.jpg,Neutral,Yes,Not Vulgar,Non-abusive,None
image_1501.jpg,Neutral,Yes,Vulgar,Abusive,Gender
image_1502.jpg,Neutral,No,Not Vulgar,Non-abusive,National Origin
image_1503.jpg,Negative,Yes,Not Vulgar,Non-abusive,None
image_1504.jpg,Negative,Yes,Vulgar,Abusive,Gender
image_1505.jpg,Negative,No,Vulgar,Abusive,Gender
image_1506.jpg,Neutral,Yes,Vulgar,Non-abusive,Gender
image_1507.jpg,Neutral,No,Not Vulgar,Non-abusive,Gender
image_1508.jpg,Positive,No,Not Vulgar,Non-abusive,Gender
image_1509.jpg,Neutral,No,Not Vulgar,Non-abusive,Gender
image_1510.jpg,Negative,No,Not Vulgar,Non-abusive,Gender
image_1511.jpg,Neutral,No,Not Vulgar,Non-abusive,Gender
image_1512.jpg,Negative,Yes,Vulgar,Abusive,Gender
image_1513.jpg,Neutral,No,Not Vulgar,Non-abusive,None
image_1514.jpg,Negative,No,Not Vulgar,Non-abusive,None
image_1515.jpg,Neutral,No,Not Vulgar,Abusive,Gender
image_1516.jpg,Neutral,Yes,Not Vulgar,Non-abusive,None
image_1517.jpg,Negative,Yes,Not Vulgar,Abusive,Gender
image_1518.jpg,Negative,Yes,Not Vulgar,Non-abusive,Gender
image_1519.jpg,Neutral,Yes,Not Vulgar,Non-abusive,None
image_1520.jpg,Positive,No,Not Vulgar,Abusive,Gender
image_1521.jpg,Neutral,Yes,Not Vulgar,Non-abusive,Gender
image_1522.jpg,Neutral,No,Not Vulgar,Non-abusive,Gender
image_1523.jpg,Neutral,No,Not Vulgar,Non-abusive,None
image_1524.jpg,Negative,No,Vulgar,Abusive,Gender
image_1525.jpg,Negative,No,Not Vulgar,Non-abusive,Gender
image_1526.jpg,Neutral,No,Not Vulgar,Non-abusive,None
image_1527.jpg,Neutral,Yes,Vulgar,Non-abusive,None
image_1528.jpg,Neutral,No,Not Vulgar,Non-abusive,Individual
image_1529.jpg,Negative,No,Not Vulgar,Non-abusive,Gender
image_1530.jpg,Negative,Yes,Not Vulgar,Non-abusive,None
image_1531.jpg,Positive,No,Not Vulgar,Non-abusive,Gender
image_1532.jpg,Neutral,No,Not Vulgar,Non-abusive,Others
image_1533.jpg,Neutral,No,Not Vulgar,Non-abusive,Gender
image_1534.jpg,Neutral,Yes,Not Vulgar,Non-abusive,Gender
image_1535.jpg,Positive,No,Not Vulgar,Non-abusive,Gender
image_1536.jpg,Positive,Yes,Not Vulgar,Non-abusive,Gender
image_1537.jpg,Positive,Yes,Vulgar,Abusive,Gender
image_1538.jpg,Positive,Yes,Not Vulgar,Non-abusive,None
image_1539.jpg,Neutral,Yes,Not Vulgar,Non-abusive,Gender
image_1540.jpg,Neutral,Yes,Not Vulgar,Non-abusive,Gender
image_1541.jpg,Positive,No,Vulgar,Non-abusive,Gender
image_1542.jpg,Neutral,No,Not Vulgar,Non-abusive,None
image_1543.jpg,Negative,Yes,Not Vulgar,Non-abusive,None
image_1544.jpg,Neutral,No,Not Vulgar,Non-abusive,None
image_1545.jpg,Positive,No,Not Vulgar,Non-abusive,Gender
image_1546.jpg,Positive,Yes,Not Vulgar,Non-abusive,Gender
image_1547.jpg,Neutral,No,Not Vulgar,Non-abusive,Gender
image_1548.jpg,Negative,No,Not Vulgar,Non-abusive,None
image_1549.jpg,Positive,No,Not Vulgar,Non-abusive,None
image_1550.jpg,Negative,No,Not Vulgar,Non-abusive,None
image_1551.jpg,Negative,No,Not Vulgar,Non-abusive,None
image_1552.jpg,Negative,No,Not Vulgar,Non-abusive,None
image_1553.jpg,Positive,Yes,Not Vulgar,Non-abusive,Gender
image_1554.jpg,Negative,No,Not Vulgar,Non-abusive,None
image_1555.jpg,Negative,No,Not Vulgar,Non-abusive,None
image_1556.jpg,Negative,No,Not Vulgar,Non-abusive,Gender
image_1557.jpg,Positive,No,Not Vulgar,Non-abusive,None
image_1558.jpg,Negative,No,Not Vulgar,Non-abusive,None
image_1559.jpg,Negative,No,Not Vulgar,Non-abusive,None
image_1560.jpg,Negative,No,Not Vulgar,Non-abusive,None
image_1561.jpg,Negative,No,Not Vulgar,Non-abusive,None
image_1562.jpg,Negative,No,Not Vulgar,Non-abusive,None
image_1563.jpg,Negative,No,Not Vulgar,Non-abusive,None
image_1564.jpg,Negative,No,Not Vulgar,Non-abusive,None
image_1565.jpg,Negative,No,Not Vulgar,Non-abusive,None
image_1566.jpg,Negative,No,Not Vulgar,Non-abusive,None
image_1567.jpg,Neutral,No,Not Vulgar,Non-abusive,None
image_1568.jpg,Negative,No,Not Vulgar,Non-abusive,None
image_1569.jpg,Negative,No,Not Vulgar,Non-abusive,None
image_1570.jpg,Neutral,No,Not Vulgar,Non-abusive,None
image_1571.jpg,Negative,No,Not Vulgar,Non-abusive,None
image_1572.jpg,Negative,No,Not Vulgar,Non-abusive,None
image_1573.jpg,Negative,No,Not Vulgar,Non-abusive,None
image_1574.jpg,Negative,No,Not Vulgar,Non-abusive,None
image_1575.jpg,Neutral,No,Not Vulgar,Non-abusive,None
image_1576.jpg,Neutral,No,Not Vulgar,Non-abusive,None
image_1577.jpg,Negative,No,Not Vulgar,Non-abusive,None
image_1578.jpg,Negative,No,Not Vulgar,Non-abusive,None
image_1579.jpg,Neutral,No,Not Vulgar,Non-abusive,None
image_1580.jpg,Positive,Yes,Not Vulgar,Non-abusive,None
image_1581.jpg,Neutral,No,Not Vulgar,Non-abusive,Gender
image_1582.jpg,Negative,No,Not Vulgar,Non-abusive,None
image_1583.jpg,Negative,No,Not Vulgar,Non-abusive,None
image_1584.jpg,Negative,No,Not Vulgar,Non-abusive,Gender
image_1585.jpg,Negative,No,Not Vulgar,Non-abusive,None
image_1586.jpg,Negative,No,Not Vulgar,Non-abusive,None
image_1587.jpg,Negative,No,Not Vulgar,Non-abusive,None
image_1588.jpg,Negative,No,Not Vulgar,Non-abusive,None
image_1589.jpg,Negative,No,Not Vulgar,Non-abusive,None
image_1590.jpg,Negative,No,Not Vulgar,Non-abusive,None
image_1591.jpg,Negative,No,Not Vulgar,Non-abusive,None
image_1592.jpg,Negative,No,Not Vulgar,Non-abusive,None
image_1593.jpg,Negative,No,Not Vulgar,Non-abusive,None
image_1594.jpg,Negative,No,Not Vulgar,Non-abusive,None
image_1595.jpg,Negative,No,Not Vulgar,Non-abusive,None
image_1596.jpg,Negative,No,Not Vulgar,Non-abusive,None
image_1597.jpg,Negative,No,Not Vulgar,Non-abusive,None
image_1598.jpg,Negative,No,Not Vulgar,Non-abusive,None
image_1599.jpg,Negative,No,Not Vulgar,Non-abusive,None
image_1600.jpg,Negative,No,Not Vulgar,Non-abusive,None
image_1601.jpg,Negative,No,Not Vulgar,Non-abusive,None
image_1602.jpg,Negative,No,Not Vulgar,Non-abusive,Gender
image_1603.jpg,Neutral,Yes,Vulgar,Abusive,Gender
image_1604.jpg,Positive,No,Not Vulgar,Non-abusive,Gender
image_1605.jpg,Negative,No,Not Vulgar,Non-abusive,None
image_1606.jpg,Negative,No,Not Vulgar,Non-abusive,Gender
image_1607.jpg,Negative,No,Not Vulgar,Non-abusive,Gender
image_1608.jpg,Negative,No,Not Vulgar,Non-abusive,Gender
image_1609.jpg,Negative,No,Not Vulgar,Non-abusive,Gender
image_1610.jpg,Negative,No,Not Vulgar,Non-abusive,Gender
image_1611.jpg,Positive,No,Not Vulgar,Non-abusive,None
image_1612.jpg,Negative,No,Not Vulgar,Non-abusive,Gender
image_1613.jpg,Neutral,Yes,Not Vulgar,Non-abusive,None
image_1614.jpg,Neutral,No,Not Vulgar,Non-abusive,Gender
image_1615.jpg,Negative,No,Not Vulgar,Non-abusive,None
image_1616.jpg,Negative,No,Not Vulgar,Non-abusive,Gender
image_1617.jpg,Neutral,No,Not Vulgar,Non-abusive,None
image_1618.jpg,Negative,No,Not Vulgar,Non-abusive,None
image_1619.jpg,Negative,No,Not Vulgar,Non-abusive,None
image_1620.jpg,Negative,No,Not Vulgar,Non-abusive,Gender
image_1621.jpg,Negative,No,Not Vulgar,Non-abusive,None
image_1622.jpg,Negative,No,Not Vulgar,Non-abusive,None
image_1623.jpg,Negative,No,Not Vulgar,Non-abusive,Gender
image_1624.jpg,Negative,No,Not Vulgar,Non-abusive,Gender
image_1625.jpg,Negative,No,Not Vulgar,Non-abusive,None
image_1626.jpg,Negative,No,Not Vulgar,Non-abusive,Gender
image_1627.jpg,Negative,No,Not Vulgar,Non-abusive,Gender
image_1628.jpg,Negative,No,Vulgar,Non-abusive,Gender
image_1629.jpg,Negative,No,Not Vulgar,Non-abusive,None
image_1630.jpg,Negative,No,Not Vulgar,Non-abusive,Gender
image_1631.jpg,Negative,No,Not Vulgar,Non-abusive,None
image_1632.jpg,Negative,No,Not Vulgar,Non-abusive,Gender
image_1633.jpg,Neutral,No,Not Vulgar,Non-abusive,None
image_1634.jpg,Neutral,No,Not Vulgar,Non-abusive,None
image_1635.jpg,Negative,No,Not Vulgar,Non-abusive,None
image_1636.jpg,Negative,No,Not Vulgar,Non-abusive,None
image_1637.jpg,Negative,No,Not Vulgar,Non-abusive,None
image_1638.jpg,Neutral,No,Not Vulgar,Non-abusive,Gender
image_1639.jpg,Negative,No,Not Vulgar,Non-abusive,Gender
image_1640.jpg,Negative,No,Not Vulgar,Non-abusive,Gender
image_1641.jpg,Neutral,No,Not Vulgar,Non-abusive,Gender
image_1642.jpg,Negative,No,Not Vulgar,Non-abusive,None
image_1643.jpg,Negative,No,Not Vulgar,Non-abusive,None
image_1644.jpg,Negative,No,Not Vulgar,Non-abusive,None
image_1645.jpg,Negative,No,Not Vulgar,Non-abusive,None
image_1646.jpg,Negative,No,Not Vulgar,Non-abusive,Gender
image_1647.jpg,Negative,No,Not Vulgar,Non-abusive,Gender
image_1648.jpg,Negative,No,Not Vulgar,Non-abusive,None
image_1649.jpg,Neutral,Yes,Not Vulgar,Non-abusive,Gender
image_1650.jpg,Negative,No,Not Vulgar,Non-abusive,None
image_1651.jpg,Positive,No,Not Vulgar,Non-abusive,Gender
image_1652.jpg,Neutral,No,Not Vulgar,Non-abusive,None
image_1653.jpg,Negative,No,Not Vulgar,Non-abusive,None
image_1654.jpg,Negative,No,Not Vulgar,Non-abusive,Gender
image_1655.jpg,Neutral,No,Vulgar,Non-abusive,None
image_1656.jpg,Neutral,Yes,Not Vulgar,Non-abusive,None
image_1657.jpg,Neutral,Yes,Not Vulgar,Non-abusive,None
image_1658.jpg,Neutral,No,Not Vulgar,Non-abusive,Individual
image_1659.jpg,Neutral,Yes,Not Vulgar,Non-abusive,None
image_1660.jpg,Negative,No,Not Vulgar,Non-abusive,None
image_1661.jpg,Negative,Yes,Not Vulgar,Non-abusive,Individual
image_1662.jpg,Neutral,Yes,Not Vulgar,Non-abusive,Individual
image_1663.jpg,Positive,No,Not Vulgar,Non-abusive,None
image_1664.jpg,Positive,Yes,Vulgar,Abusive,Individual
image_1665.jpg,Neutral,No,Not Vulgar,Non-abusive,None
image_1666.jpg,Positive,Yes,Not Vulgar,Non-abusive,Individual
image_1667.jpg,Neutral,No,Not Vulgar,Non-abusive,None
image_1668.jpg,Neutral,Yes,Not Vulgar,Abusive,Individual
image_1669.jpg,Negative,Yes,Vulgar,Abusive,Individual
image_1670.jpg,Negative,Yes,Not Vulgar,Non-abusive,Individual
image_1671.jpg,Neutral,Yes,Not Vulgar,Non-abusive,None
image_1672.jpg,Neutral,No,Not Vulgar,Non-abusive,None
image_1673.jpg,Neutral,Yes,Not Vulgar,Non-abusive,None
image_1674.jpg,Negative,Yes,Not Vulgar,Non-abusive,None
image_1675.jpg,Neutral,No,Not Vulgar,Non-abusive,Others
image_1676.jpg,Neutral,Yes,Not Vulgar,Non-abusive,None
image_1677.jpg,Neutral,No,Not Vulgar,Non-abusive,Others
image_1678.jpg,Negative,No,Not Vulgar,Non-abusive,None
image_1679.jpg,Negative,Yes,Not Vulgar,Non-abusive,None
image_1680.jpg,Negative,Yes,Not Vulgar,Non-abusive,None
image_1681.jpg,Neutral,No,Not Vulgar,Non-abusive,None
image_1682.jpg,Negative,No,Not Vulgar,Non-abusive,Individual
image_1683.jpg,Positive,No,Not Vulgar,Non-abusive,None
image_1684.jpg,Neutral,No,Not Vulgar,Non-abusive,None
image_1685.jpg,Neutral,Yes,Not Vulgar,Non-abusive,None
image_1686.jpg,Neutral,Yes,Not Vulgar,Non-abusive,None
image_1687.jpg,Neutral,No,Not Vulgar,Non-abusive,None
image_1688.jpg,Neutral,Yes,Vulgar,Abusive,Individual
image_1689.jpg,Neutral,No,Not Vulgar,Non-abusive,None
image_1690.jpg,Negative,Yes,Not Vulgar,Non-abusive,None
image_1691.jpg,Negative,Yes,Vulgar,Non-abusive,None
image_1692.jpg,Negative,Yes,Not Vulgar,Non-abusive,None
image_1693.jpg,Neutral,Yes,Not Vulgar,Non-abusive,None
image_1694.jpg,Negative,Yes,Not Vulgar,Non-abusive,None
image_1695.jpg,Positive,No,Not Vulgar,Non-abusive,None
image_1696.jpg,Negative,Yes,Not Vulgar,Non-abusive,Individual
image_1697.jpg,Neutral,No,Not Vulgar,Non-abusive,None
image_1698.jpg,Neutral,No,Not Vulgar,Non-abusive,None
image_1699.jpg,Neutral,Yes,Not Vulgar,Non-abusive,None
image_1700.jpg,Neutral,No,Not Vulgar,Non-abusive,None
image_1701.jpg,Neutral,No,Not Vulgar,Non-abusive,None
image_1702.jpg,Neutral,No,Not Vulgar,Non-abusive,None
image_1703.jpg,Positive,Yes,Not Vulgar,Non-abusive,Individual
image_1704.jpg,Neutral,Yes,Not Vulgar,Non-abusive,None
image_1705.jpg,Neutral,Yes,Not Vulgar,Non-abusive,None
image_1706.jpg,Positive,No,Not Vulgar,Non-abusive,None
image_1707.jpg,Neutral,Yes,Not Vulgar,Non-abusive,None
image_1708.jpg,Neutral,No,Not Vulgar,Non-abusive,None
image_1709.jpg,Neutral,No,Not Vulgar,Non-abusive,None
image_1710.jpg,Neutral,No,Not Vulgar,Non-abusive,National Origin#Others
image_1711.jpg,Negative,No,Not Vulgar,Non-abusive,None
image_1712.jpg,Negative,Yes,Not Vulgar,Non-abusive,None
image_1713.jpg,Negative,Yes,Not Vulgar,Non-abusive,None
image_1714.jpg,Neutral,Yes,Not Vulgar,Non-abusive,None
image_1715.jpg,Neutral,Yes,Not Vulgar,Non-abusive,Individual
image_1716.jpg,Neutral,No,Not Vulgar,Non-abusive,None
image_1717.jpg,Neutral,No,Not Vulgar,Non-abusive,None
image_1718.jpg,Neutral,No,Not Vulgar,Non-abusive,None
image_1719.jpg,Negative,Yes,Not Vulgar,Non-abusive,None
image_1720.jpg,Negative,No,Not Vulgar,Non-abusive,Individual
image_1721.jpg,Neutral,No,Not Vulgar,Non-abusive,None
image_1722.jpg,Negative,No,Not Vulgar,Non-abusive,None
image_1723.jpg,Positive,Yes,Not Vulgar,Non-abusive,Individual
image_1724.jpg,Neutral,No,Not Vulgar,Non-abusive,Individual
image_1725.jpg,Negative,No,Not Vulgar,Non-abusive,None
image_1726.jpg,Neutral,Yes,Not Vulgar,Non-abusive,Individual
image_1727.jpg,Neutral,Yes,Not Vulgar,Non-abusive,National Origin
image_1728.jpg,Negative,Yes,Vulgar,Abusive,National Origin
image_1729.jpg,Positive,Yes,Not Vulgar,Non-abusive,None
image_1730.jpg,Neutral,Yes,Not Vulgar,Non-abusive,National Origin
image_1731.jpg,Neutral,No,Not Vulgar,Non-abusive,National Origin
image_1732.jpg,Neutral,Yes,Not Vulgar,Non-abusive,Individual
image_1733.jpg,Neutral,Yes,Not Vulgar,Non-abusive,None
image_1734.jpg,Positive,Yes,Not Vulgar,Non-abusive,Others
image_1735.jpg,Positive,Yes,Vulgar,Abusive,National Origin
image_1736.jpg,Negative,Yes,Not Vulgar,Non-abusive,Individual
image_1737.jpg,Neutral,No,Not Vulgar,Non-abusive,National Origin
image_1738.jpg,Negative,No,Not Vulgar,Non-abusive,None
image_1739.jpg,Negative,Yes,Not Vulgar,Non-abusive,None
image_1740.jpg,Neutral,No,Not Vulgar,Non-abusive,National Origin
image_1741.jpg,Neutral,Yes,Not Vulgar,Non-abusive,None
image_1742.jpg,Positive,Yes,Not Vulgar,Non-abusive,None
image_1743.jpg,Negative,Yes,Vulgar,Non-abusive,None
image_1744.jpg,Negative,Yes,Not Vulgar,Non-abusive,None
image_1745.jpg,Negative,Yes,Not Vulgar,Non-abusive,None
image_1746.jpg,Neutral,Yes,Vulgar,Non-abusive,Individual
image_1747.jpg,Negative,Yes,Not Vulgar,Non-abusive,None
image_1748.jpg,Neutral,No,Not Vulgar,Non-abusive,None
image_1749.jpg,Neutral,No,Not Vulgar,Non-abusive,None
image_1750.jpg,Neutral,Yes,Not Vulgar,Non-abusive,None
image_1751.jpg,Neutral,No,Not Vulgar,Non-abusive,None
image_1752.jpg,Neutral,No,Not Vulgar,Non-abusive,None
image_1753.jpg,Neutral,No,Not Vulgar,Non-abusive,None
image_1754.jpg,Negative,No,Not Vulgar,Non-abusive,Individual
image_1755.jpg,Negative,No,Not Vulgar,Non-abusive,National Origin
image_1756.jpg,Positive,No,Not Vulgar,Non-abusive,None
image_1757.jpg,Negative,No,Not Vulgar,Non-abusive,None
image_1758.jpg,Neutral,No,Not Vulgar,Non-abusive,None
image_1759.jpg,Neutral,No,Not Vulgar,Non-abusive,None
image_1760.jpg,Neutral,No,Not Vulgar,Non-abusive,None
image_1761.jpg,Negative,No,Not Vulgar,Non-abusive,None
image_1762.jpg,Negative,Yes,Vulgar,Abusive,Individual
image_1763.jpg,Negative,No,Not Vulgar,Non-abusive,Others
image_1764.jpg,Neutral,No,Not Vulgar,Non-abusive,National Origin
image_1765.jpg,Negative,Yes,Not Vulgar,Non-abusive,Individual
image_1766.jpg,Negative,Yes,Not Vulgar,Non-abusive,None
image_1767.jpg,Neutral,Yes,Not Vulgar,Non-abusive,None
image_1768.jpg,Neutral,Yes,Not Vulgar,Non-abusive,None
image_1769.jpg,Neutral,Yes,Not Vulgar,Non-abusive,Political
image_1770.jpg,Neutral,Yes,Not Vulgar,Non-abusive,Political
image_1771.jpg,Negative,No,Not Vulgar,Non-abusive,Political
image_1772.jpg,Neutral,Yes,Vulgar,Abusive,Individual
image_1773.jpg,Neutral,Yes,Vulgar,Abusive,Individual
image_1774.jpg,Neutral,Yes,Not Vulgar,Non-abusive,None
image_1775.jpg,Neutral,No,Not Vulgar,Non-abusive,None
image_1776.jpg,Negative,Yes,Not Vulgar,Non-abusive,Others
image_1777.jpg,Negative,Yes,Not Vulgar,Abusive,Individual
image_1778.jpg,Neutral,No,Not Vulgar,Non-abusive,None
image_1779.jpg,Neutral,Yes,Not Vulgar,Non-abusive,None
image_1780.jpg,Neutral,No,Not Vulgar,Non-abusive,None
image_1781.jpg,Neutral,Yes,Not Vulgar,Non-abusive,None
image_1782.jpg,Negative,No,Not Vulgar,Non-abusive,Individual
image_1783.jpg,Neutral,No,Not Vulgar,Non-abusive,National Origin#Others
image_1784.jpg,Neutral,Yes,Not Vulgar,Non-abusive,Individual
image_1785.jpg,Neutral,Yes,Not Vulgar,Non-abusive,None
image_1786.jpg,Negative,Yes,Not Vulgar,Non-abusive,Individual
image_1787.jpg,Neutral,Yes,Not Vulgar,Non-abusive,None
image_1788.jpg,Negative,Yes,Vulgar,Non-abusive,Individual
image_1789.jpg,Neutral,Yes,Vulgar,Non-abusive,Others
image_1790.jpg,Neutral,No,Not Vulgar,Non-abusive,None
image_1791.jpg,Positive,Yes,Not Vulgar,Non-abusive,None
image_1792.jpg,Negative,Yes,Not Vulgar,Non-abusive,Individual
image_1793.jpg,Positive,No,Not Vulgar,Non-abusive,None
image_1794.jpg,Neutral,Yes,Not Vulgar,Non-abusive,Political
image_1795.jpg,Neutral,No,Not Vulgar,Non-abusive,Individual
image_1796.jpg,Positive,Yes,Not Vulgar,Non-abusive,Individual
image_1797.jpg,Negative,Yes,Not Vulgar,Non-abusive,None
image_1798.jpg,Negative,Yes,Not Vulgar,Non-abusive,Individual
image_1799.jpg,Neutral,No,Not Vulgar,Non-abusive,None
image_1800.jpg,Neutral,No,Not Vulgar,Non-abusive,None
image_1801.jpg,Neutral,No,Not Vulgar,Non-abusive,Individual
image_1802.jpg,Neutral,No,Not Vulgar,Non-abusive,None
image_1803.jpg,Neutral,No,Not Vulgar,Non-abusive,None
image_1804.jpg,Negative,No,Not Vulgar,Non-abusive,None
image_1805.jpg,Neutral,No,Not Vulgar,Non-abusive,Individual
image_1806.jpg,Neutral,No,Not Vulgar,Non-abusive,None
image_1807.jpg,Neutral,Yes,Not Vulgar,Non-abusive,Political
image_1808.jpg,Neutral,No,Not Vulgar,Non-abusive,Individual
image_1809.jpg,Negative,No,Not Vulgar,Non-abusive,None
image_1810.jpg,Negative,No,Not Vulgar,Non-abusive,None
image_1811.jpg,Neutral,Yes,Not Vulgar,Non-abusive,None
image_1812.jpg,Positive,No,Not Vulgar,Non-abusive,None
image_1813.jpg,Neutral,No,Not Vulgar,Non-abusive,None
image_1814.jpg,Neutral,No,Not Vulgar,Non-abusive,None
image_1815.jpg,Neutral,No,Not Vulgar,Non-abusive,Individual
image_1816.jpg,Neutral,No,Not Vulgar,Non-abusive,None
image_1817.jpg,Neutral,Yes,Vulgar,Abusive,Others
image_1818.jpg,Neutral,No,Not Vulgar,Non-abusive,Individual
image_1819.jpg,Neutral,Yes,Vulgar,Non-abusive,None
image_1820.jpg,Neutral,No,Not Vulgar,Non-abusive,None
image_1821.jpg,Negative,Yes,Not Vulgar,Non-abusive,Others
image_1822.jpg,Negative,Yes,Not Vulgar,Non-abusive,None
image_1823.jpg,Neutral,No,Not Vulgar,Non-abusive,None
image_1824.jpg,Neutral,No,Not Vulgar,Non-abusive,None
image_1825.jpg,Negative,No,Not Vulgar,Non-abusive,None
image_1826.jpg,Neutral,Yes,Not Vulgar,Non-abusive,Individual
image_1827.jpg,Neutral,Yes,Not Vulgar,Non-abusive,None
image_1828.jpg,Neutral,No,Not Vulgar,Non-abusive,Individual
image_1829.jpg,Neutral,No,Not Vulgar,Non-abusive,None
image_1830.jpg,Neutral,No,Not Vulgar,Non-abusive,None
image_1831.jpg,Neutral,No,Not Vulgar,Non-abusive,Individual
image_1832.jpg,Negative,No,Not Vulgar,Non-abusive,Political
image_1833.jpg,Neutral,No,Not Vulgar,Non-abusive,None
image_1834.jpg,Neutral,Yes,Not Vulgar,Non-abusive,Individual
image_1835.jpg,Positive,No,Not Vulgar,Non-abusive,None
image_1836.jpg,Neutral,No,Not Vulgar,Non-abusive,None
image_1837.jpg,Neutral,No,Not Vulgar,Non-abusive,None
image_1838.jpg,Negative,Yes,Not Vulgar,Non-abusive,Individual
image_1839.jpg,Neutral,Yes,Not Vulgar,Non-abusive,Individual
image_1840.jpg,Neutral,Yes,Not Vulgar,Non-abusive,None
image_1841.jpg,Neutral,Yes,Not Vulgar,Non-abusive,None
image_1842.jpg,Neutral,No,Not Vulgar,Non-abusive,Individual
image_1843.jpg,Positive,No,Not Vulgar,Non-abusive,None
image_1844.jpg,Positive,Yes,Not Vulgar,Non-abusive,None
image_1845.jpg,Negative,Yes,Not Vulgar,Abusive,Individual
image_1846.jpg,Neutral,Yes,Not Vulgar,Abusive,Individual
image_1847.jpg,Negative,Yes,Not Vulgar,Non-abusive,None
image_1848.jpg,Negative,No,Not Vulgar,Non-abusive,Political
image_1849.jpg,Neutral,No,Not Vulgar,Non-abusive,None
image_1850.jpg,Neutral,Yes,Not Vulgar,Non-abusive,None
image_1851.jpg,Neutral,No,Not Vulgar,Non-abusive,None
image_1852.jpg,Neutral,No,Not Vulgar,Non-abusive,None
image_1853.jpg,Neutral,Yes,Not Vulgar,Non-abusive,Political
image_1854.jpg,Negative,No,Vulgar,Abusive,National Origin
image_1855.jpg,Positive,Yes,Vulgar,Abusive,Individual
image_1856.jpg,Neutral,Yes,Not Vulgar,Non-abusive,None
image_1857.jpg,Negative,Yes,Not Vulgar,Non-abusive,None
image_1858.jpg,Neutral,Yes,Not Vulgar,Non-abusive,Political
image_1859.jpg,Neutral,No,Not Vulgar,Abusive,Gender
image_1860.jpg,Neutral,Yes,Not Vulgar,Non-abusive,Others
image_1861.jpg,Negative,No,Not Vulgar,Non-abusive,Individual
image_1862.jpg,Negative,No,Not Vulgar,Non-abusive,None
image_1863.jpg,Negative,Yes,Not Vulgar,Non-abusive,None
image_1864.jpg,Positive,No,Not Vulgar,Non-abusive,None
image_1865.jpg,Neutral,Yes,Not Vulgar,Non-abusive,Individual
image_1866.jpg,Negative,No,Not Vulgar,Non-abusive,None
image_1867.jpg,Negative,No,Not Vulgar,Non-abusive,None
image_1868.jpg,Neutral,No,Not Vulgar,Non-abusive,Others
image_1869.jpg,Positive,Yes,Vulgar,Non-abusive,None
image_1870.jpg,Neutral,No,Not Vulgar,Non-abusive,None
image_1871.jpg,Neutral,Yes,Not Vulgar,Non-abusive,None
image_1872.jpg,Positive,No,Not Vulgar,Non-abusive,None
image_1873.jpg,Negative,Yes,Not Vulgar,Non-abusive,Individual
image_1874.jpg,Neutral,Yes,Not Vulgar,Non-abusive,Individual
image_1875.jpg,Negative,No,Not Vulgar,Abusive,Others
image_1876.jpg,Neutral,No,Vulgar,Non-abusive,Individual
image_1877.jpg,Neutral,Yes,Not Vulgar,Non-abusive,Individual
image_1878.jpg,Neutral,No,Not Vulgar,Non-abusive,None
image_1879.jpg,Negative,No,Vulgar,Abusive,National Origin
image_1880.jpg,Positive,Yes,Not Vulgar,Non-abusive,Individual
image_1881.jpg,Neutral,Yes,Not Vulgar,Non-abusive,None
image_1882.jpg,Neutral,Yes,Vulgar,Non-abusive,None
image_1883.jpg,Positive,Yes,Not Vulgar,Non-abusive,Individual
image_1884.jpg,Negative,No,Not Vulgar,Non-abusive,None
image_1885.jpg,Neutral,No,Not Vulgar,Non-abusive,Religion
image_1886.jpg,Neutral,Yes,Not Vulgar,Non-abusive,Individual
image_1887.jpg,Neutral,Yes,Not Vulgar,Non-abusive,None
image_1888.jpg,Neutral,No,Not Vulgar,Non-abusive,None
image_1889.jpg,Neutral,No,Not Vulgar,Non-abusive,Individual
image_1890.jpg,Negative,No,Vulgar,Abusive,Others
image_1891.jpg,Negative,Yes,Not Vulgar,Non-abusive,Individual
image_1892.jpg,Negative,Yes,Not Vulgar,Abusive,Individual
image_1893.jpg,Neutral,No,Vulgar,Non-abusive,Individual
image_1894.jpg,Negative,No,Not Vulgar,Non-abusive,None
image_1895.jpg,Positive,No,Not Vulgar,Non-abusive,None
image_1896.jpg,Positive,Yes,Not Vulgar,Non-abusive,None
image_1897.jpg,Negative,No,Vulgar,Non-abusive,Others
image_1898.jpg,Negative,No,Not Vulgar,Non-abusive,None
image_1899.jpg,Negative,No,Not Vulgar,Non-abusive,Others
image_1900.jpg,Negative,Yes,Not Vulgar,Non-abusive,None
image_1901.jpg,Negative,Yes,Not Vulgar,Non-abusive,None
image_1902.jpg,Positive,Yes,Not Vulgar,Non-abusive,Others
image_1903.jpg,Negative,Yes,Not Vulgar,Non-abusive,Individual
image_1904.jpg,Neutral,No,Not Vulgar,Non-abusive,None
image_1905.jpg,Neutral,Yes,Not Vulgar,Non-abusive,None
image_1906.jpg,Positive,No,Not Vulgar,Non-abusive,None
image_1907.jpg,Neutral,No,Not Vulgar,Non-abusive,None
image_1908.jpg,Neutral,Yes,Not Vulgar,Non-abusive,None
image_1909.jpg,Neutral,No,Not Vulgar,Non-abusive,None
image_1910.jpg,Neutral,No,Not Vulgar,Non-abusive,Political
image_1911.jpg,Negative,No,Not Vulgar,Non-abusive,National Origin#Others
image_1912.jpg,Positive,No,Not Vulgar,Non-abusive,Individual
image_1913.jpg,Negative,Yes,Not Vulgar,Non-abusive,Individual
image_1914.jpg,Neutral,Yes,Not Vulgar,Non-abusive,Individual
image_1915.jpg,Negative,Yes,Not Vulgar,Non-abusive,None
image_1916.jpg,Positive,No,Not Vulgar,Non-abusive,None
image_1917.jpg,Neutral,Yes,Not Vulgar,Non-abusive,Individual
image_1918.jpg,Negative,No,Not Vulgar,Non-abusive,Individual
image_1919.jpg,Negative,No,Not Vulgar,Non-abusive,None
image_1920.jpg,Negative,Yes,Not Vulgar,Non-abusive,None
image_1921.jpg,Negative,No,Vulgar,Non-abusive,Political
image_1922.jpg,Positive,No,Not Vulgar,Non-abusive,None
image_1923.jpg,Neutral,No,Vulgar,Non-abusive,None
image_1924.jpg,Negative,No,Vulgar,Non-abusive,Others
image_1925.jpg,Positive,Yes,Not Vulgar,Non-abusive,Individual
image_1926.jpg,Negative,Yes,Vulgar,Non-abusive,None
image_1927.jpg,Neutral,Yes,Not Vulgar,Abusive,Individual
image_1928.jpg,Neutral,Yes,Not Vulgar,Non-abusive,None
image_1929.jpg,Negative,Yes,Not Vulgar,Non-abusive,None
image_1930.jpg,Positive,No,Not Vulgar,Non-abusive,Individual
image_1931.jpg,Neutral,Yes,Not Vulgar,Non-abusive,None
image_1932.jpg,Negative,Yes,Not Vulgar,Non-abusive,None
image_1933.jpg,Neutral,Yes,Not Vulgar,Abusive,Political
image_1934.jpg,Positive,Yes,Not Vulgar,Non-abusive,Individual
image_1935.jpg,Positive,No,Not Vulgar,Non-abusive,None
image_1936.jpg,Neutral,Yes,Vulgar,Non-abusive,None
image_1937.jpg,Negative,No,Not Vulgar,Non-abusive,None
image_1938.jpg,Neutral,No,Not Vulgar,Non-abusive,None
image_1939.jpg,Positive,No,Not Vulgar,Non-abusive,Individual
image_1940.jpg,Positive,Yes,Not Vulgar,Non-abusive,Individual
image_1941.jpg,Neutral,Yes,Not Vulgar,Abusive,Individual
image_1942.jpg,Negative,Yes,Not Vulgar,Non-abusive,None
image_1943.jpg,Positive,Yes,Not Vulgar,Non-abusive,None
image_1944.jpg,Negative,Yes,Not Vulgar,Non-abusive,None
image_1945.jpg,Positive,Yes,Not Vulgar,Non-abusive,Individual
image_1946.jpg,Positive,No,Not Vulgar,Non-abusive,None
image_1947.jpg,Positive,Yes,Not Vulgar,Non-abusive,Individual
image_1948.jpg,Positive,Yes,Not Vulgar,Non-abusive,None
image_1949.jpg,Negative,No,Not Vulgar,Non-abusive,None
image_1950.jpg,Negative,No,Not Vulgar,Non-abusive,None
image_1951.jpg,Negative,Yes,Not Vulgar,Non-abusive,Individual
image_1952.jpg,Neutral,Yes,Not Vulgar,Non-abusive,None
image_1953.jpg,Neutral,No,Not Vulgar,Non-abusive,None
image_1954.jpg,Negative,Yes,Not Vulgar,Non-abusive,Individual
image_1955.jpg,Neutral,Yes,Not Vulgar,Non-abusive,None
image_1956.jpg,Negative,Yes,Not Vulgar,Abusive,Individual
image_1957.jpg,Neutral,Yes,Not Vulgar,Non-abusive,None
image_1958.jpg,Negative,Yes,Not Vulgar,Non-abusive,Individual
image_1959.jpg,Negative,Yes,Not Vulgar,Non-abusive,None
image_1960.jpg,Neutral,No,Not Vulgar,Non-abusive,None
image_1961.jpg,Neutral,No,Not Vulgar,Non-abusive,None
image_1962.jpg,Neutral,Yes,Not Vulgar,Non-abusive,None
image_1963.jpg,Positive,Yes,Not Vulgar,Non-abusive,Others
image_1964.jpg,Negative,Yes,Not Vulgar,Non-abusive,None
image_1965.jpg,Neutral,Yes,Not Vulgar,Non-abusive,None
image_1966.jpg,Neutral,Yes,Not Vulgar,Non-abusive,None
image_1967.jpg,Negative,No,Not Vulgar,Non-abusive,None
image_1968.jpg,Neutral,Yes,Not Vulgar,Non-abusive,Individual
image_1969.jpg,Positive,No,Not Vulgar,Non-abusive,None
image_1970.jpg,Neutral,No,Not Vulgar,Non-abusive,None
image_1971.jpg,Neutral,No,Not Vulgar,Non-abusive,None
image_1972.jpg,Neutral,No,Not Vulgar,Non-abusive,None
image_1973.jpg,Neutral,No,Not Vulgar,Non-abusive,None
image_1974.jpg,Negative,No,Not Vulgar,Non-abusive,Individual
image_1975.jpg,Negative,Yes,Not Vulgar,Non-abusive,None
image_1976.jpg,Positive,No,Not Vulgar,Non-abusive,Individual
image_1977.jpg,Negative,Yes,Not Vulgar,Non-abusive,None
image_1978.jpg,Neutral,No,Not Vulgar,Non-abusive,None
image_1979.jpg,Positive,Yes,Not Vulgar,Non-abusive,Individual
image_1980.jpg,Positive,No,Not Vulgar,Non-abusive,None
image_1981.jpg,Neutral,Yes,Not Vulgar,Non-abusive,Individual
image_1982.jpg,Neutral,Yes,Not Vulgar,Non-abusive,Others
image_1983.jpg,Neutral,Yes,Not Vulgar,Non-abusive,Individual
image_1984.jpg,Negative,Yes,Not Vulgar,Non-abusive,None
image_1985.jpg,Negative,Yes,Not Vulgar,Abusive,Individual
image_1986.jpg,Negative,Yes,Vulgar,Abusive,Individual
image_1987.jpg,Neutral,Yes,Not Vulgar,Non-abusive,None
image_1988.jpg,Neutral,No,Not Vulgar,Non-abusive,None
image_1989.jpg,Negative,Yes,Vulgar,Non-abusive,None
image_1990.jpg,Positive,Yes,Not Vulgar,Non-abusive,None
image_1991.jpg,Neutral,Yes,Not Vulgar,Non-abusive,None
image_1992.jpg,Negative,No,Not Vulgar,Non-abusive,None
image_1993.jpg,Neutral,No,Not Vulgar,Non-abusive,None
image_1994.jpg,Negative,Yes,Vulgar,Abusive,Individual
image_1995.jpg,Positive,No,Not Vulgar,Non-abusive,Individual
image_1996.jpg,Negative,Yes,Not Vulgar,Non-abusive,None
image_1997.jpg,Positive,No,Not Vulgar,Non-abusive,None
image_1998.jpg,Neutral,No,Vulgar,Abusive,Individual
image_1999.jpg,Negative,No,Not Vulgar,Non-abusive,None
image_2000.jpg,Neutral,Yes,Not Vulgar,Non-abusive,None
image_2001.jpg,Positive,Yes,Not Vulgar,Non-abusive,None
image_2002.jpg,Neutral,No,Not Vulgar,Non-abusive,None
image_2003.jpg,Neutral,No,Not Vulgar,Non-abusive,None
image_2004.jpg,Neutral,Yes,Not Vulgar,Non-abusive,None
image_2005.jpg,Neutral,No,Not Vulgar,Non-abusive,None
image_2006.jpg,Neutral,Yes,Vulgar,Non-abusive,None
image_2007.jpg,Neutral,No,Not Vulgar,Non-abusive,None
image_2008.jpg,Positive,No,Not Vulgar,Non-abusive,None
image_2009.jpg,Negative,Yes,Not Vulgar,Non-abusive,None
image_2010.jpg,Neutral,Yes,Not Vulgar,Non-abusive,None
image_2011.jpg,Positive,Yes,Not Vulgar,Non-abusive,None
image_2012.jpg,Negative,No,Not Vulgar,Non-abusive,None
image_2013.jpg,Neutral,Yes,Not Vulgar,Non-abusive,None
image_2014.jpg,Neutral,No,Not Vulgar,Non-abusive,None
image_2015.jpg,Neutral,No,Not Vulgar,Non-abusive,None
image_2016.jpg,Negative,Yes,Not Vulgar,Non-abusive,None
image_2017.jpg,Negative,Yes,Not Vulgar,Non-abusive,None
image_2018.jpg,Neutral,No,Not Vulgar,Non-abusive,None
image_2019.jpg,Negative,No,Not Vulgar,Non-abusive,Political
image_2020.jpg,Neutral,No,Not Vulgar,Non-abusive,None
image_2021.jpg,Neutral,Yes,Vulgar,Non-abusive,None
image_2022.jpg,Negative,Yes,Not Vulgar,Non-abusive,None
image_2023.jpg,Negative,Yes,Not Vulgar,Non-abusive,None
image_2024.jpg,Negative,No,Not Vulgar,Non-abusive,None
image_2025.jpg,Neutral,Yes,Not Vulgar,Non-abusive,None
image_2026.jpg,Negative,No,Not Vulgar,Non-abusive,None
image_2027.jpg,Negative,No,Not Vulgar,Non-abusive,None
image_2028.jpg,Neutral,No,Not Vulgar,Non-abusive,None
image_2029.jpg,Positive,No,Not Vulgar,Non-abusive,None
image_2030.jpg,Negative,No,Not Vulgar,Non-abusive,Others
image_2031.jpg,Positive,No,Not Vulgar,Non-abusive,None
image_2032.jpg,Positive,No,Not Vulgar,Non-abusive,None
image_2033.jpg,Neutral,No,Vulgar,Non-abusive,None
image_2034.jpg,Positive,No,Not Vulgar,Non-abusive,Individual#Others
image_2035.jpg,Neutral,No,Not Vulgar,Non-abusive,None
image_2036.jpg,Neutral,No,Not Vulgar,Non-abusive,None
image_2037.jpg,Neutral,No,Not Vulgar,Non-abusive,None
image_2038.jpg,Positive,Yes,Not Vulgar,Non-abusive,Individual
image_2039.jpg,Negative,Yes,Not Vulgar,Non-abusive,None
image_2040.jpg,Neutral,Yes,Not Vulgar,Non-abusive,None
image_2041.jpg,Negative,No,Not Vulgar,Non-abusive,None
image_2042.jpg,Neutral,No,Not Vulgar,Non-abusive,None
image_2043.jpg,Negative,No,Not Vulgar,Non-abusive,None
image_2044.jpg,Negative,No,Not Vulgar,Non-abusive,None
image_2045.jpg,Negative,No,Not Vulgar,Non-abusive,None
image_2046.jpg,Negative,No,Not Vulgar,Non-abusive,None
image_2047.jpg,Neutral,Yes,Not Vulgar,Non-abusive,None
image_2048.jpg,Positive,No,Not Vulgar,Non-abusive,None
image_2049.jpg,Negative,Yes,Vulgar,Non-abusive,None
image_2050.jpg,Neutral,Yes,Vulgar,Non-abusive,None
image_2051.jpg,Neutral,No,Not Vulgar,Non-abusive,None
image_2052.jpg,Negative,No,Not Vulgar,Non-abusive,None
image_2053.jpg,Negative,No,Not Vulgar,Non-abusive,None
image_2054.jpg,Negative,No,Not Vulgar,Non-abusive,None
image_2055.jpg,Positive,No,Vulgar,Non-abusive,None
image_2056.jpg,Negative,No,Not Vulgar,Non-abusive,None
image_2057.jpg,Neutral,Yes,Not Vulgar,Non-abusive,None
image_2058.jpg,Positive,No,Not Vulgar,Non-abusive,Individual
image_2059.jpg,Negative,No,Not Vulgar,Non-abusive,None
image_2060.jpg,Negative,Yes,Not Vulgar,Non-abusive,None
image_2061.jpg,Positive,Yes,Not Vulgar,Non-abusive,None
image_2062.jpg,Neutral,Yes,Vulgar,Abusive,National Origin
image_2063.jpg,Neutral,No,Not Vulgar,Non-abusive,None
image_2064.jpg,Negative,No,Not Vulgar,Non-abusive,None
image_2065.jpg,Positive,Yes,Not Vulgar,Non-abusive,Political
image_2066.jpg,Neutral,No,Not Vulgar,Non-abusive,None
image_2067.jpg,Neutral,Yes,Not Vulgar,Abusive,Others
image_2068.jpg,Neutral,No,Not Vulgar,Non-abusive,Individual
image_2069.jpg,Negative,Yes,Not Vulgar,Non-abusive,None
image_2070.jpg,Negative,Yes,Not Vulgar,Non-abusive,None
image_2071.jpg,Neutral,Yes,Not Vulgar,Non-abusive,None
image_2072.jpg,Positive,No,Not Vulgar,Non-abusive,None
image_2073.jpg,Negative,Yes,Vulgar,Non-abusive,None
image_2074.jpg,Neutral,Yes,Not Vulgar,Non-abusive,None
image_2075.jpg,Neutral,No,Vulgar,Abusive,National Origin
image_2076.jpg,Positive,No,Not Vulgar,Non-abusive,Others
image_2077.jpg,Neutral,No,Not Vulgar,Non-abusive,Others
image_2078.jpg,Neutral,No,Not Vulgar,Non-abusive,None
image_2079.jpg,Neutral,Yes,Not Vulgar,Non-abusive,Others
image_2080.jpg,Neutral,Yes,Not Vulgar,Non-abusive,Others
image_2081.jpg,Negative,Yes,Not Vulgar,Non-abusive,Others
image_2083.jpg,Negative,No,Vulgar,Non-abusive,Others
image_2084.jpg,Neutral,No,Not Vulgar,Non-abusive,None
image_2085.jpg,Positive,No,Not Vulgar,Non-abusive,None
image_2086.jpg,Neutral,No,Not Vulgar,Non-abusive,None
image_2087.jpg,Positive,No,Not Vulgar,Non-abusive,None
image_2088.jpg,Negative,No,Not Vulgar,Non-abusive,Others
image_2089.jpg,Positive,Yes,Not Vulgar,Non-abusive,Others
image_2090.jpg,Neutral,Yes,Not Vulgar,Non-abusive,Individual
image_2091.jpg,Neutral,No,Not Vulgar,Non-abusive,None
image_2092.jpg,Neutral,No,Not Vulgar,Non-abusive,None
image_2093.jpg,Neutral,Yes,Not Vulgar,Non-abusive,None
image_2094.jpg,Neutral,Yes,Not Vulgar,Abusive,Individual
image_2095.jpg,Neutral,No,Not Vulgar,Non-abusive,None
image_2096.jpg,Negative,No,Not Vulgar,Non-abusive,Individual
image_2097.jpg,Positive,No,Not Vulgar,Non-abusive,None
image_2098.jpg,Neutral,No,Vulgar,Non-abusive,Political
image_2099.jpg,Neutral,No,Not Vulgar,Non-abusive,Others
image_2100.jpg,Neutral,No,Not Vulgar,Non-abusive,None
image_2101.jpg,Neutral,No,Not Vulgar,Non-abusive,None
image_2102.jpg,Neutral,Yes,Not Vulgar,Non-abusive,Individual
image_2103.jpg,Neutral,Yes,Not Vulgar,Non-abusive,None
image_2104.jpg,Negative,Yes,Not Vulgar,Non-abusive,None
image_2105.jpg,Positive,No,Not Vulgar,Non-abusive,Others
image_2106.jpg,Negative,No,Not Vulgar,Non-abusive,None
image_2107.jpg,Positive,No,Not Vulgar,Non-abusive,Individual
image_2108.jpg,Neutral,No,Not Vulgar,Non-abusive,Individual
image_2109.jpg,Positive,No,Not Vulgar,Non-abusive,Individual
image_2110.jpg,Positive,Yes,Not Vulgar,Non-abusive,Individual
image_2111.jpg,Negative,No,Not Vulgar,Non-abusive,Others
image_2112.jpg,Positive,Yes,Not Vulgar,Non-abusive,Political
image_2113.jpg,Positive,Yes,Not Vulgar,Non-abusive,None
image_2114.jpg,Neutral,No,Not Vulgar,Non-abusive,Others
image_2115.jpg,Neutral,Yes,Not Vulgar,Non-abusive,Political
image_2116.jpg,Positive,Yes,Not Vulgar,Non-abusive,Individual
image_2117.jpg,Neutral,No,Not Vulgar,Non-abusive,Individual
image_2119.jpg,Negative,Yes,Not Vulgar,Non-abusive,None
image_2120.jpg,Neutral,Yes,Not Vulgar,Non-abusive,Political
image_2121.jpg,Positive,Yes,Vulgar,Non-abusive,Individual
image_2122.jpg,Neutral,No,Not Vulgar,Non-abusive,Political
image_2123.jpg,Neutral,No,Not Vulgar,Non-abusive,Political
image_2124.jpg,Negative,Yes,Vulgar,Abusive,Individual
image_2125.jpg,Positive,Yes,Not Vulgar,Non-abusive,National Origin
image_2126.jpg,Negative,Yes,Not Vulgar,Non-abusive,Political
image_2127.jpg,Negative,Yes,Not Vulgar,Non-abusive,Individual
image_2128.jpg,Neutral,No,Not Vulgar,Non-abusive,Individual
image_2129.jpg,Negative,No,Not Vulgar,Non-abusive,Individual
image_2130.jpg,Neutral,No,Not Vulgar,Non-abusive,None
image_2131.jpg,Neutral,Yes,Not Vulgar,Non-abusive,Political
image_2132.jpg,Neutral,Yes,Not Vulgar,Abusive,Individual
image_2133.jpg,Neutral,No,Not Vulgar,Non-abusive,None
image_2134.jpg,Neutral,No,Not Vulgar,Non-abusive,None
image_2135.jpg,Neutral,No,Not Vulgar,Non-abusive,Political
image_2136.jpg,Neutral,No,Not Vulgar,Non-abusive,None
image_2137.jpg,Negative,Yes,Not Vulgar,Non-abusive,None
image_2138.jpg,Negative,Yes,Not Vulgar,Abusive,Others
image_2139.jpg,Negative,Yes,Vulgar,Non-abusive,None
image_2140.jpg,Negative,No,Not Vulgar,Non-abusive,Others
image_2141.jpg,Neutral,Yes,Not Vulgar,Non-abusive,Individual
image_2142.jpg,Neutral,Yes,Not Vulgar,Non-abusive,None
image_2143.jpg,Negative,Yes,Not Vulgar,Non-abusive,None
image_2144.jpg,Neutral,Yes,Not Vulgar,Non-abusive,None
image_2145.jpg,Neutral,No,Not Vulgar,Non-abusive,None
image_2146.jpg,Neutral,No,Not Vulgar,Non-abusive,None
image_2147.jpg,Neutral,Yes,Not Vulgar,Non-abusive,None
image_2148.jpg,Neutral,Yes,Vulgar,Non-abusive,Individual
image_2149.jpg,Neutral,Yes,Not Vulgar,Non-abusive,None
image_2150.jpg,Negative,No,Not Vulgar,Non-abusive,Individual
image_2151.jpg,Neutral,No,Not Vulgar,Non-abusive,None
image_2152.jpg,Neutral,Yes,Vulgar,Non-abusive,None
image_2153.jpg,Neutral,Yes,Not Vulgar,Non-abusive,None
image_2154.jpg,Negative,No,Not Vulgar,Non-abusive,Individual
image_2155.jpg,Neutral,No,Not Vulgar,Non-abusive,Gender
image_2156.jpg,Neutral,No,Not Vulgar,Non-abusive,None
image_2157.jpg,Neutral,No,Vulgar,Abusive,Individual
image_2158.jpg,Neutral,No,Not Vulgar,Non-abusive,None
image_2159.jpg,Negative,No,Not Vulgar,Non-abusive,None
image_2160.jpg,Neutral,Yes,Not Vulgar,Non-abusive,Individual
image_2161.jpg,Neutral,Yes,Not Vulgar,Non-abusive,Individual
image_2162.jpg,Neutral,Yes,Not Vulgar,Non-abusive,None
image_2163.jpg,Neutral,No,Not Vulgar,Non-abusive,None
image_2164.jpg,Neutral,Yes,Not Vulgar,Non-abusive,Individual
image_2165.jpg,Negative,Yes,Not Vulgar,Non-abusive,None
image_2166.jpg,Neutral,No,Vulgar,Non-abusive,None
image_2167.jpg,Negative,No,Not Vulgar,Non-abusive,None
image_2168.jpg,Neutral,Yes,Not Vulgar,Non-abusive,Political
image_2169.jpg,Neutral,No,Not Vulgar,Non-abusive,None
image_2170.jpg,Neutral,No,Not Vulgar,Non-abusive,None
image_2171.jpg,Neutral,No,Not Vulgar,Non-abusive,Political
image_2172.jpg,Neutral,Yes,Not Vulgar,Non-abusive,None
image_2173.jpg,Neutral,No,Not Vulgar,Non-abusive,Individual
image_2174.jpg,Negative,No,Not Vulgar,Non-abusive,None
image_2175.jpg,Negative,No,Not Vulgar,Non-abusive,None
image_2176.jpg,Neutral,No,Not Vulgar,Non-abusive,None
image_2177.jpg,Neutral,Yes,Not Vulgar,Non-abusive,None
image_2178.jpg,Negative,Yes,Not Vulgar,Non-abusive,None
image_2179.jpg,Neutral,Yes,Not Vulgar,Non-abusive,None
image_2180.jpg,Neutral,No,Not Vulgar,Non-abusive,None
image_2181.jpg,Negative,Yes,Not Vulgar,Non-abusive,Others
image_2182.jpg,Neutral,Yes,Not Vulgar,Non-abusive,None
image_2183.jpg,Neutral,Yes,Not Vulgar,Non-abusive,None
image_2184.jpg,Negative,Yes,Not Vulgar,Non-abusive,Others
image_2185.jpg,Neutral,Yes,Not Vulgar,Non-abusive,None
image_2186.jpg,Neutral,Yes,Not Vulgar,Non-abusive,None
image_2187.jpg,Negative,Yes,Not Vulgar,Non-abusive,Individual
image_2188.jpg,Neutral,No,Not Vulgar,Non-abusive,None
image_2189.jpg,Neutral,No,Not Vulgar,Non-abusive,None
image_2190.jpg,Positive,Yes,Not Vulgar,Non-abusive,None
image_2191.jpg,Positive,Yes,Not Vulgar,Non-abusive,Others
image_2192.jpg,Negative,No,Not Vulgar,Non-abusive,None
image_2193.jpg,Positive,Yes,Not Vulgar,Non-abusive,None
image_2194.jpg,Neutral,No,Not Vulgar,Non-abusive,None
image_2195.jpg,Neutral,Yes,Not Vulgar,Non-abusive,Individual
image_2196.jpg,Negative,Yes,Not Vulgar,Non-abusive,Others
image_2197.jpg,Neutral,Yes,Not Vulgar,Non-abusive,None
image_2198.jpg,Neutral,Yes,Not Vulgar,Non-abusive,None
image_2199.jpg,Neutral,Yes,Not Vulgar,Non-abusive,Individual
image_2200.jpg,Neutral,No,Not Vulgar,Non-abusive,None
image_2201.jpg,Negative,Yes,Not Vulgar,Non-abusive,None
image_2202.jpg,Positive,No,Not Vulgar,Non-abusive,None
image_2203.jpg,Neutral,No,Not Vulgar,Non-abusive,Individual
image_2204.jpg,Neutral,Yes,Not Vulgar,Non-abusive,None
image_2205.jpg,Positive,No,Not Vulgar,Non-abusive,None
image_2206.jpg,Neutral,Yes,Not Vulgar,Non-abusive,None
image_2207.jpg,Neutral,Yes,Not Vulgar,Non-abusive,Individual
image_2208.jpg,Neutral,Yes,Not Vulgar,Non-abusive,Individual
image_2209.jpg,Positive,Yes,Not Vulgar,Non-abusive,Others
image_2210.jpg,Negative,No,Not Vulgar,Non-abusive,None
image_2211.jpg,Negative,Yes,Vulgar,Non-abusive,None
image_2212.jpg,Negative,Yes,Not Vulgar,Non-abusive,Political
image_2213.jpg,Negative,Yes,Not Vulgar,Non-abusive,Individual
image_2214.jpg,Neutral,Yes,Not Vulgar,Non-abusive,Others
image_2215.jpg,Negative,No,Not Vulgar,Non-abusive,None
image_2216.jpg,Neutral,No,Not Vulgar,Non-abusive,None
image_2217.jpg,Negative,Yes,Not Vulgar,Non-abusive,Gender
image_2218.jpg,Negative,No,Not Vulgar,Non-abusive,None
image_2219.jpg,Positive,Yes,Not Vulgar,Non-abusive,Others
image_2220.jpg,Neutral,Yes,Not Vulgar,Non-abusive,Others
image_2221.jpg,Neutral,No,Not Vulgar,Non-abusive,None
image_2222.jpg,Negative,Yes,Not Vulgar,Non-abusive,None
image_2223.jpg,Negative,No,Not Vulgar,Non-abusive,None
image_2224.jpg,Negative,No,Not Vulgar,Non-abusive,None
image_2225.jpg,Negative,Yes,Vulgar,Non-abusive,None
image_2226.jpg,Negative,Yes,Not Vulgar,Non-abusive,None
image_2227.jpg,Neutral,No,Not Vulgar,Non-abusive,None
image_2228.jpg,Negative,No,Not Vulgar,Non-abusive,None
image_2229.jpg,Negative,No,Not Vulgar,Non-abusive,None
image_2230.jpg,Neutral,No,Not Vulgar,Non-abusive,Others
image_2231.jpg,Neutral,No,Not Vulgar,Non-abusive,Individual
image_2232.jpg,Negative,Yes,Not Vulgar,Non-abusive,None
image_2233.jpg,Neutral,No,Not Vulgar,Non-abusive,None
image_2234.jpg,Neutral,No,Not Vulgar,Non-abusive,Individual
image_2235.jpg,Negative,Yes,Not Vulgar,Abusive,Others
image_2236.jpg,Negative,Yes,Not Vulgar,Non-abusive,None
image_2237.jpg,Positive,No,Not Vulgar,Non-abusive,Others
image_2238.jpg,Positive,No,Not Vulgar,Non-abusive,Individual
image_2239.jpg,Positive,No,Not Vulgar,Non-abusive,Individual
image_2240.jpg,Negative,Yes,Not Vulgar,Non-abusive,Others
image_2241.jpg,Negative,Yes,Vulgar,Abusive,Others
image_2242.jpg,Neutral,No,Vulgar,Abusive,Gender
image_2243.jpg,Neutral,No,Not Vulgar,Non-abusive,None
image_2244.jpg,Negative,No,Vulgar,Non-abusive,Others
image_2245.jpg,Neutral,Yes,Vulgar,Non-abusive,Others
image_2246.jpg,Neutral,Yes,Not Vulgar,Non-abusive,Individual
image_2247.jpg,Neutral,Yes,Not Vulgar,Non-abusive,None
image_2248.jpg,Positive,Yes,Not Vulgar,Non-abusive,Others
image_2249.jpg,Negative,Yes,Not Vulgar,Non-abusive,None
image_2250.jpg,Neutral,Yes,Not Vulgar,Non-abusive,Individual
image_2251.jpg,Positive,Yes,Not Vulgar,Non-abusive,Individual
image_2252.jpg,Positive,Yes,Not Vulgar,Non-abusive,None
image_2253.jpg,Negative,No,Not Vulgar,Non-abusive,None
image_2254.jpg,Neutral,Yes,Not Vulgar,Non-abusive,None
image_2255.jpg,Positive,No,Not Vulgar,Non-abusive,None
image_2256.jpg,Positive,Yes,Not Vulgar,Non-abusive,None
image_2257.jpg,Negative,Yes,Not Vulgar,Non-abusive,None
image_2258.jpg,Positive,No,Not Vulgar,Non-abusive,None
image_2259.jpg,Neutral,Yes,Not Vulgar,Non-abusive,None
image_2260.jpg,Neutral,Yes,Not Vulgar,Non-abusive,Individual
image_2261.jpg,Negative,Yes,Vulgar,Non-abusive,Others
image_2262.jpg,Positive,Yes,Not Vulgar,Non-abusive,Individual
image_2263.jpg,Neutral,No,Not Vulgar,Non-abusive,None
image_2264.jpg,Negative,No,Vulgar,Non-abusive,None
image_2265.jpg,Positive,No,Not Vulgar,Non-abusive,Gender
image_2266.jpg,Negative,Yes,Vulgar,Non-abusive,None
image_2267.jpg,Neutral,Yes,Not Vulgar,Non-abusive,None
image_2268.jpg,Positive,Yes,Not Vulgar,Non-abusive,None
image_2269.jpg,Neutral,Yes,Not Vulgar,Non-abusive,None
image_2270.jpg,Negative,Yes,Not Vulgar,Non-abusive,Others
image_2271.jpg,Neutral,Yes,Not Vulgar,Non-abusive,None
image_2272.jpg,Positive,Yes,Not Vulgar,Non-abusive,None
image_2273.jpg,Negative,Yes,Not Vulgar,Non-abusive,Gender
image_2274.jpg,Negative,Yes,Not Vulgar,Non-abusive,None
image_2275.jpg,Positive,Yes,Not Vulgar,Non-abusive,None
image_2276.jpg,Neutral,Yes,Not Vulgar,Non-abusive,Others
image_2277.jpg,Positive,No,Not Vulgar,Non-abusive,None
image_2278.jpg,Positive,No,Not Vulgar,Non-abusive,None
image_2279.jpg,Neutral,Yes,Not Vulgar,Non-abusive,None
image_2280.jpg,Positive,No,Not Vulgar,Non-abusive,Others
image_2281.jpg,Positive,Yes,Not Vulgar,Non-abusive,None
image_2282.jpg,Neutral,No,Not Vulgar,Non-abusive,Others
image_2283.jpg,Positive,Yes,Not Vulgar,Non-abusive,None
image_2284.jpg,Negative,Yes,Not Vulgar,Non-abusive,None
image_2285.jpg,Neutral,Yes,Not Vulgar,Non-abusive,None
image_2286.jpg,Negative,No,Not Vulgar,Non-abusive,None
image_2287.jpg,Neutral,No,Not Vulgar,Non-abusive,None
image_2288.jpg,Neutral,No,Not Vulgar,Non-abusive,None
image_2289.jpg,Positive,No,Not Vulgar,Non-abusive,None
image_2290.jpg,Negative,No,Not Vulgar,Non-abusive,None
image_2291.jpg,Neutral,Yes,Not Vulgar,Non-abusive,None
image_2292.jpg,Neutral,Yes,Not Vulgar,Non-abusive,Individual
image_2293.jpg,Neutral,No,Not Vulgar,Non-abusive,Individual
image_2294.jpg,Negative,Yes,Not Vulgar,Non-abusive,None
image_2295.jpg,Negative,Yes,Not Vulgar,Non-abusive,None
image_2296.jpg,Neutral,Yes,Not Vulgar,Non-abusive,None
image_2297.jpg,Positive,Yes,Not Vulgar,Non-abusive,None
image_2298.jpg,Neutral,Yes,Not Vulgar,Non-abusive,None
image_2299.jpg,Negative,Yes,Not Vulgar,Non-abusive,None
image_2300.jpg,Positive,Yes,Not Vulgar,Non-abusive,Individual
image_2301.jpg,Negative,Yes,Not Vulgar,Non-abusive,None
image_2302.jpg,Neutral,Yes,Not Vulgar,Non-abusive,Others
image_2303.jpg,Negative,No,Not Vulgar,Non-abusive,Others
image_2304.jpg,Neutral,Yes,Not Vulgar,Non-abusive,None
image_2305.jpg,Negative,No,Not Vulgar,Abusive,Political
image_2306.jpg,Negative,Yes,Not Vulgar,Non-abusive,None
image_2307.jpg,Negative,No,Not Vulgar,Non-abusive,Others
image_2308.jpg,Neutral,No,Not Vulgar,Non-abusive,Individual
image_2309.jpg,Negative,Yes,Not Vulgar,Non-abusive,None
image_2310.jpg,Positive,No,Not Vulgar,Non-abusive,None
image_2311.jpg,Neutral,Yes,Not Vulgar,Non-abusive,None
image_2312.jpg,Neutral,No,Not Vulgar,Non-abusive,Individual
image_2313.jpg,Negative,Yes,Not Vulgar,Non-abusive,Others
image_2314.jpg,Negative,Yes,Not Vulgar,Non-abusive,None
image_2315.jpg,Neutral,Yes,Not Vulgar,Non-abusive,Others
image_2316.jpg,Positive,Yes,Not Vulgar,Non-abusive,None
image_2317.jpg,Positive,No,Not Vulgar,Non-abusive,Others
image_2318.jpg,Negative,No,Not Vulgar,Non-abusive,Individual
image_2319.jpg,Negative,Yes,Not Vulgar,Non-abusive,None
image_2320.jpg,Positive,No,Not Vulgar,Non-abusive,None
image_2321.jpg,Positive,No,Not Vulgar,Non-abusive,None
image_2322.jpg,Neutral,No,Not Vulgar,Non-abusive,None
image_2323.jpg,Negative,Yes,Not Vulgar,Non-abusive,Individual
image_2324.jpg,Positive,Yes,Vulgar,Abusive,Individual
image_2325.jpg,Neutral,Yes,Not Vulgar,Non-abusive,Individual
image_2326.jpg,Negative,No,Vulgar,Abusive,National Origin
image_2327.jpg,Neutral,No,Not Vulgar,Non-abusive,None
image_2328.jpg,Neutral,Yes,Not Vulgar,Abusive,Others
image_2329.jpg,Positive,Yes,Not Vulgar,Non-abusive,None
image_2330.jpg,Negative,Yes,Vulgar,Abusive,National Origin
image_2331.jpg,Neutral,No,Not Vulgar,Non-abusive,National Origin
image_2332.jpg,Neutral,Yes,Not Vulgar,Non-abusive,National Origin
image_2333.jpg,Neutral,No,Not Vulgar,Non-abusive,None
image_2334.jpg,Neutral,No,Not Vulgar,Non-abusive,Individual
image_2335.jpg,Positive,Yes,Not Vulgar,Abusive,National Origin
image_2336.jpg,Positive,Yes,Not Vulgar,Non-abusive,National Origin
image_2337.jpg,Negative,Yes,Not Vulgar,Non-abusive,National Origin
image_2338.jpg,Positive,Yes,Vulgar,Abusive,National Origin
image_2339.jpg,Neutral,No,Vulgar,Abusive,National Origin
image_2340.jpg,Neutral,Yes,Not Vulgar,Non-abusive,Others
image_2341.jpg,Positive,Yes,Not Vulgar,Abusive,Others
image_2342.jpg,Negative,Yes,Not Vulgar,Abusive,Others
image_2343.jpg,Neutral,Yes,Not Vulgar,Non-abusive,None
image_2344.jpg,Negative,No,Not Vulgar,Non-abusive,Individual
image_2345.jpg,Negative,Yes,Vulgar,Non-abusive,Individual
image_2346.jpg,Negative,Yes,Not Vulgar,Non-abusive,Others
image_2347.jpg,Positive,Yes,Not Vulgar,Non-abusive,None
image_2348.jpg,Negative,No,Vulgar,Non-abusive,Gender
image_2349.jpg,Neutral,Yes,Vulgar,Abusive,National Origin
image_2350.jpg,Neutral,Yes,Not Vulgar,Non-abusive,Gender
image_2351.jpg,Neutral,No,Not Vulgar,Non-abusive,Gender
image_2352.jpg,Negative,Yes,Vulgar,Abusive,Individual
image_2353.jpg,Negative,Yes,Vulgar,Abusive,National Origin
image_2354.jpg,Neutral,No,Not Vulgar,Non-abusive,None
image_2355.jpg,Neutral,No,Not Vulgar,Non-abusive,None
image_2356.jpg,Neutral,Yes,Not Vulgar,Non-abusive,Gender
image_2357.jpg,Positive,Yes,Not Vulgar,Non-abusive,Individual
image_2358.jpg,Negative,No,Not Vulgar,Non-abusive,None
image_2359.jpg,Neutral,Yes,Not Vulgar,Non-abusive,Political
image_2360.jpg,Negative,No,Not Vulgar,Abusive,Gender
image_2361.jpg,Negative,No,Not Vulgar,Non-abusive,Individual
image_2362.jpg,Neutral,No,Not Vulgar,Non-abusive,Political
image_2363.jpg,Negative,Yes,Vulgar,Abusive,Others
image_2364.jpg,Neutral,Yes,Not Vulgar,Non-abusive,None
image_2365.jpg,Negative,No,Not Vulgar,Non-abusive,None
image_2366.jpg,Negative,Yes,Not Vulgar,Non-abusive,Individual
image_2367.jpg,Positive,No,Not Vulgar,Non-abusive,Individual
image_2368.jpg,Neutral,Yes,Not Vulgar,Non-abusive,Individual
image_2369.jpg,Neutral,No,Not Vulgar,Non-abusive,None
image_2370.jpg,Neutral,No,Not Vulgar,Non-abusive,None
image_2371.jpg,Neutral,No,Not Vulgar,Non-abusive,None
image_2372.jpg,Neutral,No,Not Vulgar,Non-abusive,Individual
image_2373.jpg,Negative,No,Not Vulgar,Non-abusive,Others
image_2374.jpg,Negative,No,Not Vulgar,Abusive,Others
image_2375.jpg,Negative,No,Not Vulgar,Non-abusive,Others
image_2376.jpg,Negative,Yes,Not Vulgar,Non-abusive,None
image_2377.jpg,Neutral,Yes,Not Vulgar,Non-abusive,None
image_2378.jpg,Negative,Yes,Vulgar,Abusive,National Origin
image_2379.jpg,Positive,Yes,Not Vulgar,Non-abusive,None
image_2380.jpg,Negative,Yes,Not Vulgar,Non-abusive,Others
image_2381.jpg,Neutral,Yes,Not Vulgar,Abusive,Individual
image_2382.jpg,Neutral,No,Not Vulgar,Non-abusive,Individual
image_2383.jpg,Positive,No,Not Vulgar,Non-abusive,Individual
image_2384.jpg,Negative,No,Not Vulgar,Non-abusive,Others
image_2385.jpg,Negative,Yes,Not Vulgar,Non-abusive,None
image_2386.jpg,Neutral,Yes,Not Vulgar,Non-abusive,None
image_2387.jpg,Neutral,No,Not Vulgar,Non-abusive,None
image_2388.jpg,Neutral,Yes,Not Vulgar,Non-abusive,Individual
image_2389.jpg,Neutral,No,Not Vulgar,Non-abusive,None
image_2390.jpg,Positive,No,Not Vulgar,Non-abusive,Individual
image_2391.jpg,Negative,Yes,Vulgar,Abusive,National Origin
image_2392.jpg,Neutral,Yes,Not Vulgar,Non-abusive,None
image_2393.jpg,Positive,No,Not Vulgar,Abusive,Gender
image_2394.jpg,Neutral,No,Not Vulgar,Non-abusive,Individual
image_2395.jpg,Neutral,Yes,Not Vulgar,Non-abusive,None
image_2396.jpg,Neutral,Yes,Not Vulgar,Non-abusive,Others
image_2397.jpg,Negative,No,Not Vulgar,Non-abusive,None
image_2398.jpg,Positive,No,Not Vulgar,Non-abusive,Individual
image_2399.jpg,Neutral,No,Not Vulgar,Non-abusive,None
image_2400.jpg,Neutral,No,Vulgar,Abusive,National Origin
image_2401.jpg,Neutral,Yes,Vulgar,Abusive,Individual
image_2402.jpg,Negative,Yes,Not Vulgar,Non-abusive,None
image_2403.jpg,Negative,No,Not Vulgar,Non-abusive,None
image_2404.jpg,Neutral,Yes,Not Vulgar,Non-abusive,None
image_2405.jpg,Negative,No,Not Vulgar,Abusive,National Origin
image_2406.jpg,Positive,Yes,Not Vulgar,Non-abusive,Individual
image_2407.jpg,Neutral,Yes,Not Vulgar,Non-abusive,None
image_2408.jpg,Negative,Yes,Not Vulgar,Non-abusive,Individual
image_2409.jpg,Negative,Yes,Vulgar,Abusive,National Origin
image_2410.jpg,Neutral,Yes,Not Vulgar,Non-abusive,None
image_2411.jpg,Neutral,Yes,Not Vulgar,Non-abusive,None
image_2412.jpg,Neutral,No,Not Vulgar,Non-abusive,None
image_2413.jpg,Positive,No,Not Vulgar,Non-abusive,None
image_2414.jpg,Positive,No,Not Vulgar,Non-abusive,None
image_2415.jpg,Negative,No,Not Vulgar,Abusive,Others
image_2416.jpg,Neutral,Yes,Not Vulgar,Non-abusive,None
image_2417.jpg,Positive,Yes,Not Vulgar,Non-abusive,None
image_2418.jpg,Neutral,Yes,Not Vulgar,Non-abusive,Individual
image_2419.jpg,Neutral,No,Not Vulgar,Non-abusive,Individual
image_2420.jpg,Negative,No,Not Vulgar,Non-abusive,None
image_2421.jpg,Neutral,Yes,Not Vulgar,Non-abusive,None
image_2422.jpg,Negative,Yes,Not Vulgar,Non-abusive,None
image_2423.jpg,Neutral,Yes,Not Vulgar,Non-abusive,None
image_2424.jpg,Neutral,Yes,Not Vulgar,Non-abusive,None
image_2425.jpg,Neutral,No,Not Vulgar,Abusive,Gender
image_2426.jpg,Neutral,Yes,Not Vulgar,Non-abusive,None
image_2427.jpg,Positive,Yes,Not Vulgar,Non-abusive,None
image_2428.jpg,Positive,Yes,Not Vulgar,Non-abusive,None
image_2429.jpg,Positive,No,Not Vulgar,Non-abusive,None
image_2430.jpg,Negative,No,Not Vulgar,Non-abusive,Individual
image_2431.jpg,Positive,Yes,Not Vulgar,Non-abusive,None
image_2432.jpg,Positive,No,Not Vulgar,Non-abusive,None
image_2433.jpg,Positive,Yes,Not Vulgar,Non-abusive,None
image_2434.jpg,Positive,Yes,Not Vulgar,Non-abusive,None
image_2435.jpg,Positive,Yes,Not Vulgar,Non-abusive,None
image_2436.jpg,Negative,No,Not Vulgar,Non-abusive,None
image_2437.jpg,Neutral,Yes,Not Vulgar,Non-abusive,None
image_2438.jpg,Neutral,Yes,Not Vulgar,Non-abusive,None
image_2439.jpg,Positive,No,Not Vulgar,Non-abusive,None
image_2440.jpg,Neutral,Yes,Vulgar,Abusive,National Origin
image_2441.jpg,Positive,No,Not Vulgar,Non-abusive,None
image_2442.jpg,Positive,Yes,Not Vulgar,Non-abusive,None
image_2443.jpg,Neutral,No,Not Vulgar,Non-abusive,Others
image_2444.jpg,Neutral,Yes,Not Vulgar,Abusive,Individual
image_2445.jpg,Neutral,No,Not Vulgar,Non-abusive,None
image_2446.jpg,Neutral,No,Not Vulgar,Non-abusive,None
image_2447.jpg,Neutral,Yes,Not Vulgar,Non-abusive,Individual
image_2448.jpg,Negative,No,Not Vulgar,Non-abusive,None
image_2449.jpg,Neutral,Yes,Not Vulgar,Non-abusive,Individual
image_2450.jpg,Positive,No,Not Vulgar,Non-abusive,None
image_2451.jpg,Neutral,No,Not Vulgar,Non-abusive,Individual
image_2452.jpg,Negative,Yes,Not Vulgar,Abusive,Individual
image_2453.jpg,Neutral,No,Not Vulgar,Non-abusive,None
image_2454.jpg,Neutral,No,Not Vulgar,Non-abusive,Individual
image_2455.jpg,Positive,Yes,Not Vulgar,Non-abusive,None
image_2456.jpg,Neutral,No,Not Vulgar,Non-abusive,None
image_2457.jpg,Positive,Yes,Not Vulgar,Non-abusive,None
image_2458.jpg,Negative,No,Not Vulgar,Non-abusive,Others
image_2459.jpg,Neutral,No,Not Vulgar,Non-abusive,Gender
image_2460.jpg,Negative,No,Not Vulgar,Non-abusive,None
image_2461.jpg,Neutral,Yes,Not Vulgar,Non-abusive,None
image_2462.jpg,Neutral,No,Not Vulgar,Non-abusive,None
image_2463.jpg,Negative,No,Not Vulgar,Non-abusive,None
image_2464.jpg,Negative,Yes,Not Vulgar,Non-abusive,None
image_2465.jpg,Neutral,No,Not Vulgar,Non-abusive,None
image_2466.jpg,Neutral,No,Not Vulgar,Non-abusive,None
image_2467.jpg,Negative,Yes,Not Vulgar,Non-abusive,None
image_2468.jpg,Positive,Yes,Not Vulgar,Non-abusive,None
image_2469.jpg,Neutral,No,Not Vulgar,Non-abusive,None
image_2470.jpg,Neutral,Yes,Not Vulgar,Non-abusive,Individual
image_2471.jpg,Positive,Yes,Not Vulgar,Non-abusive,None
image_2472.jpg,Neutral,No,Not Vulgar,Non-abusive,None
image_2473.jpg,Negative,Yes,Not Vulgar,Non-abusive,None
image_2474.jpg,Neutral,No,Not Vulgar,Non-abusive,None
image_2475.jpg,Negative,Yes,Not Vulgar,Non-abusive,None
image_2476.jpg,Negative,Yes,Not Vulgar,Non-abusive,None
image_2477.jpg,Neutral,No,Not Vulgar,Non-abusive,Others
image_2478.jpg,Neutral,No,Not Vulgar,Non-abusive,Political
image_2479.jpg,Neutral,Yes,Not Vulgar,Non-abusive,None
image_2480.jpg,Neutral,No,Not Vulgar,Non-abusive,Individual
image_2481.jpg,Neutral,Yes,Not Vulgar,Non-abusive,Individual
image_2482.jpg,Neutral,No,Not Vulgar,Non-abusive,National Origin
image_2483.jpg,Neutral,No,Not Vulgar,Non-abusive,Individual
image_2484.jpg,Neutral,No,Not Vulgar,Non-abusive,Individual
image_2485.jpg,Negative,No,Vulgar,Non-abusive,None
image_2486.jpg,Neutral,Yes,Not Vulgar,Non-abusive,Individual
image_2487.jpg,Negative,No,Not Vulgar,Non-abusive,Gender
image_2488.jpg,Neutral,No,Not Vulgar,Non-abusive,None
image_2489.jpg,Neutral,Yes,Not Vulgar,Non-abusive,None
image_2490.jpg,Negative,Yes,Not Vulgar,Non-abusive,Individual
image_2491.jpg,Neutral,No,Not Vulgar,Non-abusive,Gender
image_2492.jpg,Negative,Yes,Not Vulgar,Abusive,National Origin
image_2493.jpg,Positive,No,Not Vulgar,Non-abusive,Individual
image_2494.jpg,Negative,No,Not Vulgar,Non-abusive,Others
image_2495.jpg,Positive,Yes,Not Vulgar,Non-abusive,None
image_2496.jpg,Neutral,Yes,Not Vulgar,Non-abusive,Individual
image_2497.jpg,Neutral,No,Not Vulgar,Non-abusive,Individual
image_2498.jpg,Negative,Yes,Not Vulgar,Non-abusive,None
image_2499.jpg,Positive,Yes,Not Vulgar,Non-abusive,None
image_2500.jpg,Neutral,No,Not Vulgar,Non-abusive,Individual
image_2501.jpg,Neutral,No,Not Vulgar,Non-abusive,Gender
image_2502.jpg,Neutral,No,Not Vulgar,Non-abusive,None
image_2503.jpg,Negative,Yes,Not Vulgar,Non-abusive,None
image_2504.jpg,Neutral,No,Not Vulgar,Non-abusive,None
image_2505.jpg,Negative,No,Not Vulgar,Non-abusive,None
image_2506.jpg,Neutral,Yes,Not Vulgar,Non-abusive,Gender
image_2507.jpg,Negative,No,Not Vulgar,Non-abusive,None
image_2508.jpg,Neutral,No,Not Vulgar,Non-abusive,Individual
image_2509.jpg,Neutral,Yes,Not Vulgar,Non-abusive,None
image_2510.jpg,Positive,Yes,Not Vulgar,Non-abusive,None
image_2511.jpg,Neutral,Yes,Not Vulgar,Non-abusive,Political
image_2512.jpg,Negative,Yes,Not Vulgar,Non-abusive,None
image_2513.jpg,Negative,Yes,Not Vulgar,Non-abusive,Individual
image_2514.jpg,Neutral,Yes,Not Vulgar,Non-abusive,Individual
image_2515.jpg,Negative,Yes,Not Vulgar,Non-abusive,Others
image_2516.jpg,Neutral,Yes,Not Vulgar,Non-abusive,None
image_2517.jpg,Neutral,No,Not Vulgar,Non-abusive,None
image_2518.jpg,Neutral,Yes,Not Vulgar,Non-abusive,None
image_2519.jpg,Negative,No,Not Vulgar,Non-abusive,None
image_2520.jpg,Neutral,Yes,Not Vulgar,Non-abusive,None
image_2521.jpg,Positive,No,Not Vulgar,Non-abusive,Others
image_2522.jpg,Neutral,No,Not Vulgar,Non-abusive,None
image_2523.jpg,Neutral,No,Not Vulgar,Abusive,Others
image_2524.jpg,Positive,Yes,Not Vulgar,Non-abusive,None
image_2525.jpg,Negative,Yes,Not Vulgar,Non-abusive,None
image_2526.jpg,Neutral,Yes,Not Vulgar,Non-abusive,Others
image_2527.jpg,Neutral,No,Not Vulgar,Non-abusive,None
image_2528.jpg,Neutral,Yes,Not Vulgar,Non-abusive,None
image_2529.jpg,Neutral,No,Not Vulgar,Non-abusive,None
image_2530.jpg,Neutral,No,Not Vulgar,Non-abusive,None
image_2531.jpg,Negative,Yes,Not Vulgar,Non-abusive,None
image_2532.jpg,Neutral,Yes,Not Vulgar,Non-abusive,None
image_2533.jpg,Neutral,Yes,Not Vulgar,Non-abusive,Individual
image_2534.jpg,Positive,No,Not Vulgar,Non-abusive,Individual
image_2535.jpg,Neutral,Yes,Not Vulgar,Non-abusive,None
image_2536.jpg,Negative,No,Not Vulgar,Non-abusive,None
image_2537.jpg,Negative,Yes,Not Vulgar,Non-abusive,None
image_2538.jpg,Positive,No,Not Vulgar,Non-abusive,None
image_2539.jpg,Negative,Yes,Not Vulgar,Non-abusive,None
image_2540.jpg,Neutral,Yes,Not Vulgar,Non-abusive,None
image_2541.jpg,Positive,No,Not Vulgar,Non-abusive,None
image_2542.jpg,Neutral,Yes,Not Vulgar,Non-abusive,None
image_2543.jpg,Neutral,Yes,Not Vulgar,Abusive,Political
image_2544.jpg,Neutral,Yes,Not Vulgar,Non-abusive,Others
image_2545.jpg,Positive,Yes,Not Vulgar,Non-abusive,None
image_2546.jpg,Neutral,No,Not Vulgar,Non-abusive,Individual
image_2547.jpg,Neutral,No,Not Vulgar,Non-abusive,None
image_2548.jpg,Negative,Yes,Not Vulgar,Non-abusive,None
image_2549.jpg,Neutral,Yes,Not Vulgar,Non-abusive,None
image_2550.jpg,Neutral,Yes,Not Vulgar,Non-abusive,None
image_2551.jpg,Positive,Yes,Not Vulgar,Non-abusive,None
image_2552.jpg,Neutral,Yes,Not Vulgar,Non-abusive,None
image_2553.jpg,Positive,Yes,Not Vulgar,Non-abusive,None
image_2554.jpg,Negative,No,Not Vulgar,Non-abusive,None
image_2555.jpg,Neutral,Yes,Not Vulgar,Non-abusive,None
image_2556.jpg,Neutral,No,Not Vulgar,Non-abusive,None
image_2557.jpg,Neutral,No,Not Vulgar,Non-abusive,Individual
image_2558.jpg,Negative,Yes,Not Vulgar,Non-abusive,None
image_2559.jpg,Neutral,No,Not Vulgar,Non-abusive,None
image_2560.jpg,Negative,Yes,Not Vulgar,Non-abusive,None
image_2561.jpg,Negative,Yes,Not Vulgar,Non-abusive,Others
image_2562.jpg,Positive,No,Not Vulgar,Non-abusive,Individual
image_2563.jpg,Neutral,Yes,Not Vulgar,Non-abusive,Individual
image_2564.jpg,Neutral,No,Not Vulgar,Non-abusive,None
image_2565.jpg,Negative,No,Not Vulgar,Non-abusive,None
image_2566.jpg,Negative,Yes,Not Vulgar,Non-abusive,Others
image_2567.jpg,Negative,Yes,Not Vulgar,Abusive,Individual
image_2568.jpg,Negative,Yes,Not Vulgar,Non-abusive,Individual
image_2569.jpg,Neutral,No,Not Vulgar,Non-abusive,None
image_2570.jpg,Negative,Yes,Not Vulgar,Non-abusive,Others
image_2571.jpg,Negative,No,Vulgar,Abusive,Individual
image_2572.jpg,Negative,No,Not Vulgar,Non-abusive,None
image_2573.jpg,Neutral,No,Not Vulgar,Non-abusive,None
image_2574.jpg,Neutral,No,Not Vulgar,Non-abusive,Individual
image_2575.jpg,Neutral,Yes,Not Vulgar,Abusive,Individual
image_2576.jpg,Neutral,Yes,Not Vulgar,Non-abusive,Others
image_2577.jpg,Neutral,Yes,Not Vulgar,Non-abusive,None
image_2578.jpg,Neutral,No,Not Vulgar,Non-abusive,None
image_2579.jpg,Neutral,Yes,Not Vulgar,Non-abusive,None
image_2580.jpg,Neutral,No,Not Vulgar,Non-abusive,None
image_2581.jpg,Neutral,No,Not Vulgar,Non-abusive,None
image_2582.jpg,Neutral,No,Not Vulgar,Non-abusive,None
image_2583.jpg,Neutral,Yes,Not Vulgar,Non-abusive,None
image_2584.jpg,Negative,Yes,Not Vulgar,Non-abusive,None
image_2585.jpg,Neutral,Yes,Not Vulgar,Non-abusive,None
image_2586.jpg,Neutral,Yes,Not Vulgar,Non-abusive,Individual
image_2587.jpg,Neutral,Yes,Not Vulgar,Non-abusive,None
image_2588.jpg,Neutral,Yes,Not Vulgar,Non-abusive,None
image_2589.jpg,Negative,No,Not Vulgar,Non-abusive,Individual
image_2590.jpg,Negative,No,Vulgar,Non-abusive,Individual
image_2591.jpg,Positive,No,Not Vulgar,Non-abusive,None
image_2592.jpg,Neutral,Yes,Not Vulgar,Non-abusive,None
image_2593.jpg,Negative,Yes,Not Vulgar,Non-abusive,Individual
image_2594.jpg,Negative,Yes,Not Vulgar,Non-abusive,Individual
image_2595.jpg,Neutral,Yes,Not Vulgar,Non-abusive,None
image_2596.jpg,Negative,Yes,Not Vulgar,Non-abusive,Individual
image_2597.jpg,Neutral,No,Not Vulgar,Non-abusive,Individual
image_2598.jpg,Positive,No,Not Vulgar,Non-abusive,None
image_2599.jpg,Neutral,Yes,Not Vulgar,Non-abusive,Individual
image_2600.jpg,Negative,No,Not Vulgar,Non-abusive,None
image_2601.jpg,Positive,Yes,Vulgar,Abusive,Gender
image_2602.jpg,Neutral,Yes,Not Vulgar,Non-abusive,Individual
image_2603.jpg,Neutral,Yes,Vulgar,Abusive,Individual
image_2604.jpg,Negative,Yes,Not Vulgar,Non-abusive,Political
image_2605.jpg,Neutral,Yes,Not Vulgar,Non-abusive,None
image_2606.jpg,Neutral,Yes,Not Vulgar,Non-abusive,None
image_2607.jpg,Neutral,No,Not Vulgar,Non-abusive,None
image_2608.jpg,Neutral,Yes,Not Vulgar,Non-abusive,None
image_2609.jpg,Negative,Yes,Not Vulgar,Non-abusive,None
image_2610.jpg,Negative,Yes,Not Vulgar,Non-abusive,Others
image_2611.jpg,Negative,No,Not Vulgar,Non-abusive,None
image_2612.jpg,Positive,Yes,Not Vulgar,Non-abusive,None
image_2613.jpg,Neutral,Yes,Not Vulgar,Non-abusive,None
image_2614.jpg,Neutral,Yes,Not Vulgar,Non-abusive,None
image_2615.jpg,Negative,Yes,Not Vulgar,Non-abusive,None
image_2616.jpg,Neutral,Yes,Not Vulgar,Non-abusive,None
image_2617.jpg,Neutral,Yes,Not Vulgar,Non-abusive,Individual
image_2618.jpg,Neutral,No,Not Vulgar,Non-abusive,None
image_2619.jpg,Neutral,No,Not Vulgar,Non-abusive,None
image_2620.jpg,Neutral,Yes,Not Vulgar,Non-abusive,None
image_2621.jpg,Neutral,Yes,Not Vulgar,Non-abusive,None
image_2622.jpg,Negative,No,Vulgar,Abusive,Individual
image_2623.jpg,Neutral,Yes,Not Vulgar,Non-abusive,None
image_2624.jpg,Neutral,Yes,Not Vulgar,Non-abusive,None
image_2625.jpg,Negative,No,Not Vulgar,Non-abusive,None
image_2626.jpg,Neutral,No,Not Vulgar,Non-abusive,None
image_2627.jpg,Neutral,Yes,Not Vulgar,Non-abusive,None
image_2628.jpg,Neutral,Yes,Not Vulgar,Non-abusive,Individual
image_2629.jpg,Positive,No,Not Vulgar,Non-abusive,Others
image_2630.jpg,Neutral,Yes,Not Vulgar,Non-abusive,None
image_2631.jpg,Positive,Yes,Vulgar,Abusive,Individual
image_2632.jpg,Neutral,Yes,Not Vulgar,Non-abusive,Political
image_2633.jpg,Positive,No,Not Vulgar,Non-abusive,None
image_2634.jpg,Neutral,No,Not Vulgar,Non-abusive,None
image_2635.jpg,Negative,Yes,Not Vulgar,Non-abusive,Individual
image_2636.jpg,Negative,Yes,Not Vulgar,Non-abusive,None
image_2637.jpg,Negative,Yes,Not Vulgar,Abusive,Others
image_2638.jpg,Positive,Yes,Not Vulgar,Non-abusive,None
image_2639.jpg,Negative,No,Not Vulgar,Non-abusive,None
image_2640.jpg,Negative,Yes,Not Vulgar,Non-abusive,Individual
image_2641.jpg,Neutral,Yes,Not Vulgar,Non-abusive,None
image_2642.jpg,Positive,Yes,Not Vulgar,Non-abusive,Individual
image_2643.jpg,Negative,Yes,Vulgar,Non-abusive,None
image_2644.jpg,Neutral,No,Not Vulgar,Non-abusive,None
image_2645.jpg,Positive,No,Not Vulgar,Non-abusive,None
image_2646.jpg,Neutral,No,Not Vulgar,Non-abusive,None
image_2647.jpg,Neutral,No,Not Vulgar,Non-abusive,None
image_2648.jpg,Negative,No,Not Vulgar,Non-abusive,None
image_2649.jpg,Negative,Yes,Not Vulgar,Non-abusive,None
image_2650.jpg,Neutral,Yes,Not Vulgar,Non-abusive,None
image_2651.jpg,Negative,No,Not Vulgar,Non-abusive,Individual
image_2652.jpg,Negative,Yes,Not Vulgar,Non-abusive,None
image_2653.jpg,Neutral,Yes,Not Vulgar,Non-abusive,None
image_2654.jpg,Positive,Yes,Not Vulgar,Non-abusive,None
image_2655.jpg,Neutral,Yes,Not Vulgar,Non-abusive,None
image_2656.jpg,Positive,Yes,Not Vulgar,Non-abusive,Individual
image_2657.jpg,Positive,Yes,Not Vulgar,Non-abusive,Individual
image_2658.jpg,Positive,Yes,Not Vulgar,Non-abusive,None
image_2659.jpg,Negative,Yes,Not Vulgar,Non-abusive,Individual
image_2660.jpg,Positive,Yes,Not Vulgar,Non-abusive,None
image_2661.jpg,Neutral,No,Not Vulgar,Non-abusive,Individual
image_2662.jpg,Neutral,Yes,Not Vulgar,Non-abusive,Individual
image_2663.jpg,Neutral,No,Not Vulgar,Non-abusive,None
image_2664.jpg,Negative,Yes,Not Vulgar,Non-abusive,None
image_2665.jpg,Neutral,Yes,Not Vulgar,Non-abusive,None
image_2666.jpg,Negative,Yes,Not Vulgar,Non-abusive,None
image_2667.jpg,Negative,Yes,Not Vulgar,Non-abusive,None
image_2668.jpg,Negative,Yes,Not Vulgar,Non-abusive,None
image_2669.jpg,Neutral,Yes,Not Vulgar,Non-abusive,None
image_2670.jpg,Neutral,Yes,Not Vulgar,Non-abusive,None
image_2671.jpg,Negative,Yes,Not Vulgar,Non-abusive,None
image_2672.jpg,Neutral,Yes,Not Vulgar,Non-abusive,None
image_2673.jpg,Negative,Yes,Not Vulgar,Non-abusive,None
image_2674.jpg,Negative,Yes,Not Vulgar,Non-abusive,None
image_2675.jpg,Negative,No,Not Vulgar,Non-abusive,None
image_2676.jpg,Neutral,Yes,Not Vulgar,Non-abusive,None
image_2677.jpg,Neutral,Yes,Not Vulgar,Non-abusive,None
image_2678.jpg,Neutral,Yes,Vulgar,Non-abusive,None
image_2679.jpg,Neutral,No,Not Vulgar,Non-abusive,Others
image_2680.jpg,Neutral,Yes,Not Vulgar,Non-abusive,Others
image_2681.jpg,Negative,Yes,Not Vulgar,Non-abusive,None
image_2682.jpg,Neutral,Yes,Not Vulgar,Non-abusive,None
image_2683.jpg,Positive,Yes,Not Vulgar,Non-abusive,None
image_2684.jpg,Neutral,Yes,Not Vulgar,Non-abusive,Individual
image_2685.jpg,Neutral,Yes,Not Vulgar,Non-abusive,Individual
image_2686.jpg,Neutral,Yes,Not Vulgar,Non-abusive,None
image_2687.jpg,Neutral,Yes,Not Vulgar,Non-abusive,Individual
image_2688.jpg,Neutral,Yes,Not Vulgar,Non-abusive,None
image_2689.jpg,Negative,Yes,Not Vulgar,Non-abusive,None
image_2690.jpg,Neutral,Yes,Not Vulgar,Non-abusive,Individual
image_2691.jpg,Negative,No,Not Vulgar,Non-abusive,None
image_2692.jpg,Negative,Yes,Not Vulgar,Non-abusive,None
image_2693.jpg,Negative,Yes,Not Vulgar,Non-abusive,None
image_2694.jpg,Neutral,Yes,Not Vulgar,Non-abusive,None
image_2695.jpg,Neutral,Yes,Not Vulgar,Non-abusive,None
image_2696.jpg,Neutral,Yes,Not Vulgar,Non-abusive,None
image_2697.jpg,Neutral,No,Not Vulgar,Non-abusive,None
image_2698.jpg,Neutral,No,Not Vulgar,Non-abusive,Individual
image_2699.jpg,Negative,Yes,Not Vulgar,Non-abusive,None
image_2700.jpg,Positive,No,Not Vulgar,Non-abusive,Individual
image_2701.jpg,Neutral,No,Not Vulgar,Non-abusive,Individual
image_2702.jpg,Positive,No,Not Vulgar,Non-abusive,None
image_2703.jpg,Positive,No,Not Vulgar,Non-abusive,Individual
image_2704.jpg,Neutral,Yes,Not Vulgar,Non-abusive,None
image_2705.jpg,Neutral,Yes,Not Vulgar,Non-abusive,None
image_2706.jpg,Neutral,Yes,Not Vulgar,Non-abusive,None
image_2707.jpg,Negative,Yes,Not Vulgar,Non-abusive,Individual
image_2708.jpg,Negative,Yes,Not Vulgar,Non-abusive,Individual
image_2709.jpg,Neutral,No,Not Vulgar,Non-abusive,None
image_2710.jpg,Neutral,Yes,Not Vulgar,Non-abusive,None
image_2711.jpg,Neutral,No,Not Vulgar,Non-abusive,None
image_2712.jpg,Negative,Yes,Not Vulgar,Non-abusive,Others
image_2713.jpg,Neutral,Yes,Not Vulgar,Non-abusive,None
image_2714.jpg,Positive,Yes,Not Vulgar,Non-abusive,None
image_2715.jpg,Neutral,No,Not Vulgar,Non-abusive,Others
image_2716.jpg,Neutral,No,Not Vulgar,Non-abusive,Individual
image_2717.jpg,Negative,Yes,Not Vulgar,Non-abusive,Individual
image_2718.jpg,Neutral,No,Not Vulgar,Abusive,Individual
image_2719.jpg,Neutral,Yes,Not Vulgar,Non-abusive,None
image_2720.jpg,Neutral,No,Not Vulgar,Non-abusive,Individual
image_2721.jpg,Positive,No,Not Vulgar,Non-abusive,Individual
image_2722.jpg,Neutral,No,Not Vulgar,Non-abusive,None
image_2723.jpg,Negative,Yes,Not Vulgar,Non-abusive,Individual
image_2724.jpg,Negative,Yes,Vulgar,Abusive,Individual
image_2725.jpg,Negative,Yes,Not Vulgar,Non-abusive,None
image_2726.jpg,Neutral,Yes,Not Vulgar,Non-abusive,None
image_2727.jpg,Neutral,Yes,Not Vulgar,Non-abusive,None
image_2728.jpg,Negative,Yes,Not Vulgar,Non-abusive,Individual
image_2729.jpg,Negative,Yes,Not Vulgar,Non-abusive,Individual
image_2730.jpg,Negative,Yes,Not Vulgar,Non-abusive,None
image_2731.jpg,Negative,No,Not Vulgar,Non-abusive,Others
image_2732.jpg,Negative,Yes,Vulgar,Non-abusive,None
image_2733.jpg,Neutral,Yes,Not Vulgar,Non-abusive,Individual
image_2734.jpg,Positive,Yes,Not Vulgar,Non-abusive,None
image_2735.jpg,Neutral,No,Not Vulgar,Non-abusive,None
image_2736.jpg,Neutral,No,Not Vulgar,Non-abusive,None
image_2737.jpg,Neutral,Yes,Not Vulgar,Non-abusive,None
image_2738.jpg,Negative,No,Not Vulgar,Non-abusive,None
image_2739.jpg,Negative,No,Not Vulgar,Non-abusive,National Origin
image_2740.jpg,Neutral,Yes,Not Vulgar,Non-abusive,None
image_2741.jpg,Neutral,Yes,Not Vulgar,Non-abusive,Individual
image_2742.jpg,Negative,Yes,Not Vulgar,Non-abusive,Others
image_2743.jpg,Negative,Yes,Not Vulgar,Non-abusive,None
image_2744.jpg,Neutral,Yes,Not Vulgar,Non-abusive,Gender
image_2745.jpg,Neutral,No,Not Vulgar,Non-abusive,Individual
image_2746.jpg,Negative,No,Not Vulgar,Non-abusive,None
image_2747.jpg,Negative,Yes,Not Vulgar,Non-abusive,None
image_2748.jpg,Negative,Yes,Not Vulgar,Non-abusive,None
image_2749.jpg,Positive,Yes,Not Vulgar,Non-abusive,None
image_2750.jpg,Neutral,Yes,Not Vulgar,Non-abusive,None
image_2751.jpg,Neutral,Yes,Not Vulgar,Non-abusive,None
image_2752.jpg,Negative,Yes,Vulgar,Non-abusive,None
image_2753.jpg,Negative,Yes,Vulgar,Non-abusive,None
image_2754.jpg,Negative,Yes,Not Vulgar,Non-abusive,None
image_2755.jpg,Positive,No,Not Vulgar,Non-abusive,None
image_2756.jpg,Positive,No,Not Vulgar,Non-abusive,Individual
image_2757.jpg,Neutral,No,Not Vulgar,Non-abusive,Individual
image_2758.jpg,Negative,Yes,Not Vulgar,Non-abusive,None
image_2759.jpg,Positive,Yes,Not Vulgar,Non-abusive,None
image_2760.jpg,Neutral,Yes,Not Vulgar,Non-abusive,None
image_2761.jpg,Neutral,Yes,Not Vulgar,Non-abusive,None
image_2762.jpg,Positive,No,Not Vulgar,Non-abusive,None
image_2763.jpg,Neutral,Yes,Not Vulgar,Non-abusive,Individual
image_2764.jpg,Negative,Yes,Not Vulgar,Non-abusive,Individual
image_2765.jpg,Neutral,Yes,Vulgar,Abusive,Individual
image_2766.jpg,Neutral,Yes,Not Vulgar,Non-abusive,None
image_2767.jpg,Positive,Yes,Not Vulgar,Non-abusive,None
image_2768.jpg,Neutral,Yes,Not Vulgar,Non-abusive,None
image_2769.jpg,Negative,No,Not Vulgar,Non-abusive,None
image_2770.jpg,Negative,Yes,Not Vulgar,Abusive,Individual
image_2771.jpg,Neutral,Yes,Not Vulgar,Non-abusive,None
image_2772.jpg,Negative,Yes,Not Vulgar,Non-abusive,Individual
image_2773.jpg,Neutral,Yes,Not Vulgar,Non-abusive,None
image_2774.jpg,Neutral,Yes,Not Vulgar,Non-abusive,None
image_2775.jpg,Neutral,Yes,Vulgar,Non-abusive,None
image_2776.jpg,Negative,No,Not Vulgar,Abusive,Individual
image_2777.jpg,Negative,Yes,Not Vulgar,Non-abusive,None
image_2778.jpg,Negative,No,Not Vulgar,Non-abusive,None
image_2779.jpg,Negative,No,Not Vulgar,Non-abusive,None
image_2780.jpg,Neutral,Yes,Not Vulgar,Non-abusive,None
image_2781.jpg,Negative,Yes,Not Vulgar,Non-abusive,None
image_2782.jpg,Neutral,Yes,Not Vulgar,Abusive,National Origin
image_2783.jpg,Neutral,Yes,Not Vulgar,Non-abusive,Individual
image_2784.jpg,Negative,Yes,Not Vulgar,Non-abusive,Individual
image_2785.jpg,Neutral,No,Not Vulgar,Non-abusive,None
image_2786.jpg,Neutral,No,Not Vulgar,Non-abusive,None
image_2787.jpg,Positive,Yes,Not Vulgar,Non-abusive,Individual
image_2788.jpg,Negative,Yes,Not Vulgar,Non-abusive,Individual
image_2789.jpg,Positive,Yes,Not Vulgar,Non-abusive,None
image_2790.jpg,Positive,No,Not Vulgar,Non-abusive,None
image_2791.jpg,Negative,Yes,Not Vulgar,Non-abusive,None
image_2792.jpg,Positive,No,Not Vulgar,Non-abusive,None
image_2793.jpg,Neutral,No,Not Vulgar,Non-abusive,None
image_2794.jpg,Neutral,Yes,Vulgar,Non-abusive,Others
image_2795.jpg,Negative,No,Not Vulgar,Non-abusive,None
image_2796.jpg,Neutral,Yes,Vulgar,Abusive,National Origin
image_2797.jpg,Neutral,Yes,Not Vulgar,Non-abusive,None
image_2798.jpg,Neutral,No,Not Vulgar,Non-abusive,National Origin
image_2799.jpg,Negative,Yes,Not Vulgar,Non-abusive,Others
image_2800.jpg,Neutral,Yes,Not Vulgar,Non-abusive,National Origin
image_2801.jpg,Negative,No,Vulgar,Non-abusive,None
image_2802.jpg,Neutral,Yes,Not Vulgar,Non-abusive,None
image_2803.jpg,Neutral,No,Not Vulgar,Non-abusive,Individual
image_2804.jpg,Negative,Yes,Not Vulgar,Non-abusive,Individual
image_2805.jpg,Negative,Yes,Not Vulgar,Non-abusive,Others
image_2806.jpg,Neutral,Yes,Not Vulgar,Non-abusive,Individual
image_2807.jpg,Positive,Yes,Not Vulgar,Abusive,Individual
image_2808.jpg,Negative,Yes,Vulgar,Abusive,National Origin
image_2809.jpg,Neutral,Yes,Not Vulgar,Abusive,Individual
image_2810.jpg,Negative,Yes,Not Vulgar,Abusive,Individual
image_2811.jpg,Negative,No,Not Vulgar,Non-abusive,Others
image_2812.jpg,Negative,Yes,Not Vulgar,Non-abusive,National Origin
image_2813.jpg,Negative,Yes,Not Vulgar,Non-abusive,None
image_2814.jpg,Neutral,Yes,Not Vulgar,Non-abusive,Individual
image_2815.jpg,Negative,Yes,Vulgar,Non-abusive,None
image_2816.jpg,Negative,Yes,Not Vulgar,Non-abusive,Others
image_2817.jpg,Positive,Yes,Vulgar,Abusive,Individual
image_2818.jpg,Positive,Yes,Not Vulgar,Non-abusive,Others
image_2819.jpg,Negative,No,Not Vulgar,Non-abusive,National Origin#Individual
image_2820.jpg,Negative,Yes,Not Vulgar,Non-abusive,None
image_2821.jpg,Neutral,No,Not Vulgar,Non-abusive,Others
image_2822.jpg,Negative,Yes,Not Vulgar,Non-abusive,Individual
image_2823.jpg,Negative,Yes,Not Vulgar,Non-abusive,None
image_2824.jpg,Negative,Yes,Not Vulgar,Non-abusive,None
image_2825.jpg,Neutral,Yes,Not Vulgar,Non-abusive,None
image_2826.jpg,Neutral,Yes,Not Vulgar,Abusive,Individual
image_2827.jpg,Negative,Yes,Not Vulgar,Non-abusive,Others
image_2828.jpg,Neutral,Yes,Not Vulgar,Non-abusive,None
image_2829.jpg,Neutral,Yes,Not Vulgar,Non-abusive,None
image_2830.jpg,Negative,Yes,Not Vulgar,Non-abusive,Others
image_2831.jpg,Negative,Yes,Not Vulgar,Non-abusive,None
image_2832.jpg,Positive,Yes,Not Vulgar,Non-abusive,None
image_2833.jpg,Positive,Yes,Vulgar,Non-abusive,None
image_2834.jpg,Neutral,Yes,Not Vulgar,Non-abusive,None
image_2835.jpg,Negative,Yes,Not Vulgar,Non-abusive,Others
image_2836.jpg,Neutral,Yes,Not Vulgar,Non-abusive,None
image_2837.jpg,Neutral,Yes,Vulgar,Non-abusive,National Origin
image_2838.jpg,Negative,Yes,Not Vulgar,Non-abusive,Individual
image_2839.jpg,Neutral,Yes,Not Vulgar,Non-abusive,Individual
image_2840.jpg,Neutral,Yes,Not Vulgar,Non-abusive,Political
image_2841.jpg,Neutral,Yes,Not Vulgar,Non-abusive,None
image_2842.jpg,Neutral,No,Not Vulgar,Non-abusive,None
image_2843.jpg,Neutral,Yes,Not Vulgar,Non-abusive,Political
image_2844.jpg,Neutral,Yes,Not Vulgar,Non-abusive,None
image_2845.jpg,Negative,Yes,Not Vulgar,Non-abusive,Political
image_2846.jpg,Negative,No,Not Vulgar,Non-abusive,Political
image_2847.jpg,Neutral,Yes,Not Vulgar,Non-abusive,None
image_2848.jpg,Neutral,Yes,Not Vulgar,Non-abusive,Individual
image_2849.jpg,Negative,Yes,Not Vulgar,Non-abusive,Political
image_2850.jpg,Neutral,Yes,Vulgar,Non-abusive,Political
image_2851.jpg,Negative,No,Not Vulgar,Non-abusive,Political
image_2852.jpg,Positive,No,Not Vulgar,Non-abusive,Others
image_2853.jpg,Negative,Yes,Not Vulgar,Abusive,Political
image_2854.jpg,Neutral,Yes,Not Vulgar,Non-abusive,Political
image_2855.jpg,Positive,Yes,Not Vulgar,Non-abusive,Political
image_2856.jpg,Neutral,No,Not Vulgar,Non-abusive,None
image_2857.jpg,Negative,Yes,Vulgar,Non-abusive,Individual
image_2858.jpg,Negative,Yes,Not Vulgar,Non-abusive,Political
image_2859.jpg,Neutral,No,Not Vulgar,Abusive,Individual
image_2860.jpg,Neutral,No,Not Vulgar,Non-abusive,Political
image_2861.jpg,Neutral,No,Not Vulgar,Non-abusive,Political
image_2862.jpg,Negative,No,Not Vulgar,Non-abusive,Political
image_2863.jpg,Neutral,No,Not Vulgar,Non-abusive,None
image_2864.jpg,Positive,Yes,Not Vulgar,Non-abusive,Political
image_2865.jpg,Positive,No,Not Vulgar,Non-abusive,None
image_2866.jpg,Neutral,Yes,Not Vulgar,Non-abusive,Political
image_2867.jpg,Neutral,Yes,Not Vulgar,Non-abusive,Political
image_2868.jpg,Neutral,No,Not Vulgar,Non-abusive,None
image_2869.jpg,Neutral,Yes,Not Vulgar,Non-abusive,Individual
image_2870.jpg,Neutral,Yes,Vulgar,Abusive,Individual
image_2871.jpg,Positive,No,Not Vulgar,Non-abusive,Others
image_2872.jpg,Neutral,Yes,Not Vulgar,Non-abusive,Others
image_2873.jpg,Neutral,No,Not Vulgar,Non-abusive,None
image_2874.jpg,Neutral,Yes,Vulgar,Non-abusive,None
image_2875.jpg,Neutral,No,Not Vulgar,Non-abusive,None
image_2876.jpg,Positive,Yes,Not Vulgar,Non-abusive,Individual
image_2877.jpg,Neutral,No,Not Vulgar,Non-abusive,Individual
image_2878.jpg,Negative,No,Not Vulgar,Non-abusive,None
image_2879.jpg,Neutral,Yes,Vulgar,Abusive,Individual
image_2880.jpg,Neutral,Yes,Not Vulgar,Non-abusive,Others
image_2881.jpg,Neutral,No,Not Vulgar,Non-abusive,None
image_2882.jpg,Negative,No,Not Vulgar,Non-abusive,Others
image_2883.jpg,Neutral,Yes,Not Vulgar,Non-abusive,Individual
image_2884.jpg,Neutral,Yes,Not Vulgar,Abusive,Individual
image_2885.jpg,Positive,Yes,Not Vulgar,Non-abusive,None
image_2886.jpg,Negative,Yes,Not Vulgar,Non-abusive,None
image_2887.jpg,Negative,Yes,Not Vulgar,Non-abusive,None
image_2888.jpg,Negative,Yes,Vulgar,Abusive,Individual
image_2889.jpg,Neutral,No,Not Vulgar,Non-abusive,Individual
image_2890.jpg,Negative,Yes,Not Vulgar,Non-abusive,None
image_2891.jpg,Negative,Yes,Vulgar,Non-abusive,None
image_2892.jpg,Negative,Yes,Not Vulgar,Non-abusive,Others
image_2893.jpg,Neutral,Yes,Not Vulgar,Non-abusive,None
image_2894.jpg,Neutral,Yes,Not Vulgar,Non-abusive,Individual
image_2895.jpg,Neutral,Yes,Vulgar,Non-abusive,Individual
image_2896.jpg,Neutral,Yes,Not Vulgar,Non-abusive,Individual
image_2897.jpg,Negative,Yes,Not Vulgar,Non-abusive,Political
image_2898.jpg,Negative,Yes,Not Vulgar,Non-abusive,Others
image_2899.jpg,Positive,Yes,Not Vulgar,Non-abusive,None
image_2900.jpg,Negative,Yes,Not Vulgar,Non-abusive,None
image_2901.jpg,Positive,No,Not Vulgar,Non-abusive,Individual
image_2902.jpg,Neutral,Yes,Not Vulgar,Non-abusive,None
image_2903.jpg,Positive,Yes,Not Vulgar,Non-abusive,Others
image_2904.jpg,Negative,Yes,Vulgar,Abusive,Individual
image_2905.jpg,Neutral,Yes,Not Vulgar,Non-abusive,Others
image_2906.jpg,Negative,No,Not Vulgar,Non-abusive,Others
image_2907.jpg,Neutral,No,Not Vulgar,Non-abusive,Others
image_2908.jpg,Neutral,Yes,Not Vulgar,Non-abusive,Political
image_2909.jpg,Positive,Yes,Not Vulgar,Non-abusive,Individual
image_2910.jpg,Neutral,No,Not Vulgar,Non-abusive,None
image_2911.jpg,Neutral,No,Not Vulgar,Non-abusive,None
image_2912.jpg,Negative,Yes,Not Vulgar,Non-abusive,None
image_2913.jpg,Positive,No,Not Vulgar,Non-abusive,None
image_2914.jpg,Neutral,No,Not Vulgar,Non-abusive,Individual
image_2915.jpg,Neutral,Yes,Not Vulgar,Non-abusive,None
image_2916.jpg,Neutral,Yes,Not Vulgar,Non-abusive,None
image_2917.jpg,Neutral,No,Not Vulgar,Non-abusive,Others
image_2918.jpg,Neutral,Yes,Not Vulgar,Non-abusive,Others
image_2919.jpg,Negative,Yes,Not Vulgar,Non-abusive,Others
image_2920.jpg,Negative,Yes,Not Vulgar,Non-abusive,Others
image_2921.jpg,Neutral,No,Not Vulgar,Non-abusive,Others
image_2922.jpg,Neutral,Yes,Not Vulgar,Non-abusive,Individual
image_2923.jpg,Negative,Yes,Not Vulgar,Non-abusive,None
image_2924.jpg,Negative,Yes,Not Vulgar,Non-abusive,Individual
image_2925.jpg,Negative,No,Not Vulgar,Non-abusive,None
image_2926.jpg,Neutral,No,Not Vulgar,Non-abusive,None
image_2927.jpg,Positive,No,Not Vulgar,Non-abusive,None
image_2928.jpg,Negative,Yes,Vulgar,Abusive,Individual
image_2929.jpg,Neutral,Yes,Not Vulgar,Non-abusive,None
image_2930.jpg,Positive,No,Not Vulgar,Non-abusive,Individual
image_2931.jpg,Negative,Yes,Not Vulgar,Non-abusive,Others
image_2932.jpg,Neutral,Yes,Not Vulgar,Non-abusive,Others
image_2933.jpg,Neutral,Yes,Not Vulgar,Non-abusive,Individual
image_2934.jpg,Positive,No,Not Vulgar,Non-abusive,Individual
image_2935.jpg,Neutral,No,Not Vulgar,Non-abusive,Others
image_2936.jpg,Neutral,No,Not Vulgar,Non-abusive,Others
image_2937.jpg,Negative,No,Not Vulgar,Non-abusive,Others
image_2938.jpg,Negative,No,Not Vulgar,Non-abusive,Others
image_2939.jpg,Positive,Yes,Not Vulgar,Non-abusive,Political
image_2940.jpg,Positive,No,Not Vulgar,Non-abusive,Others
image_2941.jpg,Negative,Yes,Not Vulgar,Non-abusive,None
image_2942.jpg,Positive,Yes,Not Vulgar,Non-abusive,Individual
image_2943.jpg,Negative,Yes,Not Vulgar,Non-abusive,Others
image_2944.jpg,Neutral,Yes,Not Vulgar,Non-abusive,Individual
image_2945.jpg,Neutral,No,Not Vulgar,Non-abusive,Individual
image_2946.jpg,Negative,No,Not Vulgar,Non-abusive,None
image_2947.jpg,Positive,No,Not Vulgar,Non-abusive,Others
image_2948.jpg,Positive,No,Not Vulgar,Non-abusive,Individual
image_2949.jpg,Neutral,Yes,Not Vulgar,Non-abusive,Others
image_2950.jpg,Neutral,Yes,Not Vulgar,Non-abusive,Others
image_2951.jpg,Neutral,No,Not Vulgar,Non-abusive,None
image_2952.jpg,Positive,Yes,Not Vulgar,Non-abusive,None
image_2953.jpg,Neutral,No,Not Vulgar,Non-abusive,Others
image_2954.jpg,Neutral,Yes,Not Vulgar,Non-abusive,Others
image_2955.jpg,Neutral,Yes,Not Vulgar,Non-abusive,Individual
image_2956.jpg,Negative,No,Not Vulgar,Non-abusive,Others
image_2957.jpg,Neutral,No,Not Vulgar,Non-abusive,None
image_2958.jpg,Neutral,No,Not Vulgar,Non-abusive,Individual
image_2959.jpg,Positive,No,Not Vulgar,Non-abusive,Individual
image_2960.jpg,Neutral,Yes,Not Vulgar,Non-abusive,Individual
image_2961.jpg,Positive,Yes,Vulgar,Non-abusive,Political
image_2962.jpg,Negative,No,Not Vulgar,Non-abusive,None
image_2963.jpg,Negative,No,Not Vulgar,Non-abusive,Others
image_2964.jpg,Neutral,No,Not Vulgar,Non-abusive,Political
image_2965.jpg,Neutral,No,Not Vulgar,Non-abusive,Others
image_2966.jpg,Negative,No,Vulgar,Non-abusive,None
image_2967.jpg,Positive,Yes,Not Vulgar,Non-abusive,None
image_2968.jpg,Neutral,Yes,Not Vulgar,Non-abusive,Gender
image_2969.jpg,Positive,Yes,Not Vulgar,Non-abusive,Individual
image_2970.jpg,Negative,Yes,Vulgar,Abusive,Individual
image_2971.jpg,Neutral,Yes,Vulgar,Non-abusive,Individual
image_2972.jpg,Positive,No,Not Vulgar,Non-abusive,Political
image_2973.jpg,Positive,No,Not Vulgar,Non-abusive,Individual
image_2974.jpg,Positive,Yes,Not Vulgar,Non-abusive,None
image_2975.jpg,Neutral,Yes,Not Vulgar,Non-abusive,Others
image_2976.jpg,Negative,No,Not Vulgar,Non-abusive,Gender
image_2977.jpg,Positive,No,Not Vulgar,Non-abusive,Individual
image_2978.jpg,Negative,Yes,Not Vulgar,Non-abusive,Individual
image_2979.jpg,Positive,Yes,Not Vulgar,Non-abusive,Individual
image_2980.jpg,Neutral,No,Not Vulgar,Non-abusive,None
image_2981.jpg,Positive,No,Not Vulgar,Non-abusive,Individual
image_2982.jpg,Negative,Yes,Not Vulgar,Abusive,Individual
image_2983.jpg,Neutral,Yes,Not Vulgar,Non-abusive,Individual
image_2984.jpg,Negative,Yes,Not Vulgar,Non-abusive,Individual
image_2985.jpg,Negative,Yes,Not Vulgar,Non-abusive,Political
image_2986.jpg,Neutral,No,Not Vulgar,Non-abusive,Others
image_2987.jpg,Neutral,Yes,Not Vulgar,Non-abusive,None
image_2988.jpg,Negative,Yes,Vulgar,Abusive,Individual
image_2989.jpg,Negative,No,Not Vulgar,Non-abusive,Individual
image_2990.jpg,Positive,Yes,Not Vulgar,Abusive,Individual
image_2991.jpg,Neutral,Yes,Not Vulgar,Non-abusive,Individual
image_2992.jpg,Neutral,Yes,Not Vulgar,Abusive,Political
image_2993.jpg,Positive,Yes,Not Vulgar,Abusive,Individual#Political
image_2994.jpg,Neutral,No,Not Vulgar,Non-abusive,None
image_2995.jpg,Positive,No,Not Vulgar,Non-abusive,Individual
image_2996.jpg,Negative,Yes,Not Vulgar,Non-abusive,Political
image_2997.jpg,Negative,No,Not Vulgar,Non-abusive,None
image_2998.jpg,Neutral,Yes,Not Vulgar,Non-abusive,None
image_2999.jpg,Neutral,Yes,Not Vulgar,Abusive,Individual
image_3000.jpg,Neutral,No,Not Vulgar,Non-abusive,None
image_3001.jpg,Neutral,No,Not Vulgar,Non-abusive,Others
image_3002.jpg,Negative,Yes,Not Vulgar,Abusive,Individual
image_3003.jpg,Neutral,No,Not Vulgar,Non-abusive,Individual
image_3004.jpg,Neutral,No,Not Vulgar,Non-abusive,None
image_3005.jpg,Neutral,No,Not Vulgar,Non-abusive,Political
image_3006.jpg,Neutral,Yes,Not Vulgar,Non-abusive,Individual
image_3007.jpg,Positive,No,Not Vulgar,Non-abusive,None
image_3008.jpg,Negative,No,Vulgar,Abusive,Others
image_3009.jpg,Neutral,No,Not Vulgar,Non-abusive,None
image_3010.jpg,Neutral,Yes,Vulgar,Non-abusive,Individual
image_3011.jpg,Positive,No,Not Vulgar,Non-abusive,National Origin
image_3012.jpg,Positive,Yes,Not Vulgar,Non-abusive,Political
image_3013.jpg,Negative,Yes,Not Vulgar,Non-abusive,None
image_3014.jpg,Negative,No,Not Vulgar,Non-abusive,Others
image_3015.jpg,Negative,No,Vulgar,Abusive,Individual#Political
image_3016.jpg,Neutral,No,Not Vulgar,Non-abusive,None
image_3017.jpg,Negative,Yes,Not Vulgar,Non-abusive,None
image_3018.jpg,Positive,No,Not Vulgar,Non-abusive,Others
image_3019.jpg,Negative,Yes,Not Vulgar,Non-abusive,Individual
image_3020.jpg,Positive,Yes,Not Vulgar,Non-abusive,Political
image_3021.jpg,Positive,Yes,Not Vulgar,Non-abusive,Others
image_3022.jpg,Neutral,No,Not Vulgar,Non-abusive,Individual
image_3023.jpg,Neutral,No,Not Vulgar,Non-abusive,Individual
image_3024.jpg,Positive,Yes,Not Vulgar,Abusive,Others
image_3025.jpg,Positive,Yes,Not Vulgar,Non-abusive,None
image_3026.jpg,Neutral,Yes,Not Vulgar,Non-abusive,Others
image_3027.jpg,Negative,Yes,Not Vulgar,Non-abusive,None
image_3028.jpg,Negative,Yes,Not Vulgar,Non-abusive,None
image_3029.jpg,Positive,Yes,Not Vulgar,Non-abusive,None
image_3030.jpg,Negative,Yes,Vulgar,Abusive,National Origin
image_3031.jpg,Positive,Yes,Not Vulgar,Non-abusive,None
image_3032.jpg,Negative,No,Not Vulgar,Abusive,Others
image_3033.jpg,Negative,Yes,Not Vulgar,Non-abusive,None
image_3034.jpg,Neutral,No,Not Vulgar,Non-abusive,Individual
image_3035.jpg,Negative,Yes,Not Vulgar,Non-abusive,None
image_3036.jpg,Neutral,No,Not Vulgar,Non-abusive,Others
image_3037.jpg,Positive,Yes,Not Vulgar,Non-abusive,Others
image_3038.jpg,Negative,No,Not Vulgar,Non-abusive,None
image_3039.jpg,Positive,Yes,Not Vulgar,Non-abusive,Others
image_3040.jpg,Positive,Yes,Not Vulgar,Non-abusive,Individual
image_3041.jpg,Positive,Yes,Not Vulgar,Abusive,Political
image_3042.jpg,Positive,Yes,Not Vulgar,Non-abusive,Individual
image_3043.jpg,Neutral,Yes,Not Vulgar,Non-abusive,Political
image_3044.jpg,Negative,Yes,Not Vulgar,Non-abusive,National Origin
image_3045.jpg,Negative,Yes,Not Vulgar,Non-abusive,Individual
image_3046.jpg,Positive,Yes,Not Vulgar,Non-abusive,Political
image_3047.jpg,Negative,Yes,Not Vulgar,Non-abusive,Individual
image_3048.jpg,Neutral,Yes,Not Vulgar,Non-abusive,None
image_3049.jpg,Neutral,Yes,Not Vulgar,Non-abusive,Political
image_3050.jpg,Neutral,Yes,Not Vulgar,Non-abusive,Others
image_3051.jpg,Negative,Yes,Not Vulgar,Non-abusive,Individual
image_3052.jpg,Positive,Yes,Not Vulgar,Non-abusive,Political
image_3053.jpg,Negative,Yes,Not Vulgar,Non-abusive,Individual
image_3054.jpg,Neutral,Yes,Not Vulgar,Non-abusive,Political
image_3055.jpg,Negative,Yes,Not Vulgar,Abusive,Gender
image_3056.jpg,Negative,Yes,Not Vulgar,Non-abusive,None
image_3057.jpg,Positive,No,Not Vulgar,Non-abusive,Individual
image_3058.jpg,Positive,No,Not Vulgar,Non-abusive,Individual
image_3059.jpg,Positive,Yes,Not Vulgar,Non-abusive,Others
image_3060.jpg,Negative,No,Not Vulgar,Non-abusive,Individual
image_3061.jpg,Positive,Yes,Not Vulgar,Non-abusive,Others
image_3062.jpg,Positive,No,Not Vulgar,Non-abusive,Others
image_3063.jpg,Neutral,Yes,Not Vulgar,Non-abusive,Individual
image_3064.jpg,Negative,Yes,Not Vulgar,Non-abusive,None
image_3065.jpg,Neutral,Yes,Not Vulgar,Non-abusive,None
image_3066.jpg,Neutral,Yes,Not Vulgar,Non-abusive,None
image_3067.jpg,Negative,Yes,Not Vulgar,Abusive,Individual
image_3068.jpg,Positive,Yes,Not Vulgar,Non-abusive,Individual
image_3069.jpg,Positive,Yes,Not Vulgar,Non-abusive,Others
image_3070.jpg,Neutral,No,Not Vulgar,Non-abusive,Others
image_3071.jpg,Positive,Yes,Not Vulgar,Non-abusive,None
image_3072.jpg,Positive,Yes,Not Vulgar,Non-abusive,None
image_3073.jpg,Positive,No,Not Vulgar,Non-abusive,Political
image_3074.jpg,Neutral,No,Vulgar,Non-abusive,Others
image_3075.jpg,Neutral,No,Not Vulgar,Non-abusive,Political
image_3076.jpg,Neutral,Yes,Vulgar,Abusive,Individual
image_3077.jpg,Neutral,Yes,Not Vulgar,Abusive,Individual
image_3078.jpg,Neutral,Yes,Vulgar,Abusive,Individual
image_3079.jpg,Neutral,Yes,Not Vulgar,Non-abusive,Political
image_3080.jpg,Neutral,No,Not Vulgar,Non-abusive,Others
image_3081.jpg,Negative,Yes,Not Vulgar,Non-abusive,Political
image_3082.jpg,Negative,Yes,Not Vulgar,Non-abusive,Others
image_3083.jpg,Neutral,No,Not Vulgar,Non-abusive,Individual
image_3084.jpg,Negative,Yes,Not Vulgar,Non-abusive,Individual
image_3085.jpg,Negative,No,Not Vulgar,Non-abusive,Individual
image_3086.jpg,Negative,Yes,Not Vulgar,Non-abusive,Others
image_3087.jpg,Negative,Yes,Not Vulgar,Non-abusive,Individual
image_3088.jpg,Neutral,Yes,Not Vulgar,Non-abusive,Individual
image_3089.jpg,Negative,Yes,Vulgar,Abusive,Individual
image_3090.jpg,Positive,No,Not Vulgar,Non-abusive,Individual
image_3091.jpg,Neutral,No,Not Vulgar,Non-abusive,Political
image_3092.jpg,Negative,No,Not Vulgar,Abusive,Others
image_3093.jpg,Negative,Yes,Not Vulgar,Non-abusive,None
image_3094.jpg,Negative,No,Not Vulgar,Abusive,Individual
image_3095.jpg,Neutral,No,Not Vulgar,Non-abusive,Individual
image_3096.jpg,Negative,No,Not Vulgar,Abusive,Religion
image_3097.jpg,Negative,No,Vulgar,Abusive,Gender
image_3098.jpg,Negative,No,Vulgar,Abusive,Gender
image_3099.jpg,Negative,No,Vulgar,Abusive,Gender
image_3100.jpg,Neutral,No,Not Vulgar,Non-abusive,None
image_3101.jpg,Neutral,No,Not Vulgar,Abusive,National Origin
image_3102.jpg,Neutral,No,Not Vulgar,Non-abusive,None
image_3103.jpg,Positive,No,Not Vulgar,Non-abusive,None
image_3104.jpg,Positive,No,Not Vulgar,Non-abusive,None
image_3105.jpg,Positive,No,Not Vulgar,Non-abusive,None
image_3106.jpg,Positive,No,Not Vulgar,Non-abusive,None
image_3107.jpg,Positive,No,Not Vulgar,Non-abusive,None
image_3108.jpg,Neutral,No,Not Vulgar,Non-abusive,Individual
image_3109.jpg,Neutral,No,Not Vulgar,Non-abusive,None
image_3110.jpg,Neutral,No,Not Vulgar,Non-abusive,None
image_3111.jpg,Negative,No,Not Vulgar,Abusive,National Origin
image_3112.jpg,Negative,Yes,Not Vulgar,Abusive,National Origin
image_3113.jpg,Negative,Yes,Vulgar,Abusive,Individual
image_3114.jpg,Negative,No,Not Vulgar,Abusive,National Origin
image_3115.jpg,Neutral,No,Not Vulgar,Abusive,National Origin
image_3116.jpg,Neutral,No,Not Vulgar,Abusive,National Origin#Individual
image_3117.jpg,Positive,Yes,Vulgar,Non-abusive,None
image_3118.jpg,Positive,Yes,Vulgar,Non-abusive,None
image_3119.jpg,Neutral,No,Vulgar,Abusive,Gender
image_3120.jpg,Negative,Yes,Not Vulgar,Abusive,Gender
image_3121.jpg,Neutral,No,Vulgar,Abusive,Gender
image_3122.jpg,Neutral,No,Not Vulgar,Non-abusive,None
image_3123.jpg,Negative,No,Vulgar,Abusive,National Origin
image_3124.jpg,Neutral,Yes,Not Vulgar,Abusive,National Origin
image_3125.jpg,Negative,Yes,Vulgar,Abusive,National Origin
image_3126.jpg,Positive,Yes,Not Vulgar,Abusive,Individual
image_3127.jpg,Negative,No,Vulgar,Abusive,National Origin
image_3128.jpg,Negative,No,Vulgar,Abusive,National Origin
image_3129.jpg,Neutral,No,Not Vulgar,Non-abusive,None
image_3130.jpg,Negative,No,Vulgar,Abusive,National Origin#Individual
image_3131.jpg,Negative,No,Vulgar,Abusive,National Origin
image_3132.jpg,Negative,Yes,Vulgar,Abusive,National Origin
image_3133.jpg,Negative,No,Vulgar,Abusive,National Origin#Individual
image_3134.jpg,Neutral,No,Vulgar,Non-abusive,Individual
image_3135.jpg,Negative,No,Vulgar,Abusive,National Origin
image_3136.jpg,Negative,No,Vulgar,Abusive,Religion
image_3137.jpg,Negative,No,Vulgar,Abusive,Religion
image_3138.jpg,Negative,No,Vulgar,Abusive,Religion
image_3139.jpg,Neutral,No,Not Vulgar,Abusive,Religion#National Origin
image_3140.jpg,Negative,No,Vulgar,Abusive,National Origin
image_3141.jpg,Neutral,No,Not Vulgar,Non-abusive,Individual
image_3142.jpg,Neutral,No,Not Vulgar,Non-abusive,None
image_3143.jpg,Neutral,No,Not Vulgar,Non-abusive,None
image_3144.jpg,Negative,No,Not Vulgar,Abusive,Individual
image_3145.jpg,Neutral,No,Not Vulgar,Non-abusive,National Origin
image_3146.jpg,Negative,No,Not Vulgar,Abusive,National Origin
image_3147.jpg,Neutral,No,Not Vulgar,Non-abusive,Religion
image_3148.jpg,Negative,No,Vulgar,Abusive,Individual
image_3149.jpg,Negative,No,Not Vulgar,Abusive,Individual
image_3150.jpg,Negative,No,Vulgar,Abusive,Individual
image_3151.jpg,Negative,No,Vulgar,Abusive,Religion
image_3152.jpg,Negative,No,Vulgar,Abusive,Religion
image_3153.jpg,Negative,No,Vulgar,Abusive,Religion
image_3154.jpg,Negative,No,Vulgar,Abusive,Religion
image_3155.jpg,Neutral,No,Vulgar,Abusive,Religion
image_3156.jpg,Negative,No,Vulgar,Abusive,Religion
image_3157.jpg,Negative,No,Vulgar,Non-abusive,Religion
image_3158.jpg,Neutral,No,Not Vulgar,Non-abusive,None
image_3159.jpg,Negative,No,Vulgar,Abusive,Individual
image_3160.jpg,Negative,No,Vulgar,Abusive,Religion
image_3161.jpg,Neutral,No,Not Vulgar,Non-abusive,Individual
image_3162.jpg,Negative,No,Not Vulgar,Abusive,National Origin
image_3163.jpg,Negative,No,Vulgar,Abusive,Religion
image_3164.jpg,Neutral,No,Vulgar,Abusive,Religion#Individual
image_3165.jpg,Negative,No,Vulgar,Abusive,Religion#Individual
image_3166.jpg,Negative,No,Vulgar,Abusive,Individual
image_3167.jpg,Negative,No,Not Vulgar,Abusive,Individual
image_3168.jpg,Negative,No,Not Vulgar,Non-abusive,Religion
image_3169.jpg,Neutral,No,Not Vulgar,Non-abusive,Others
image_3170.jpg,Negative,No,Not Vulgar,Non-abusive,None
image_3171.jpg,Negative,No,Not Vulgar,Abusive,Religion
image_3172.jpg,Neutral,No,Vulgar,Abusive,Religion
image_3173.jpg,Negative,No,Vulgar,Non-abusive,Religion#Individual
image_3174.jpg,Neutral,No,Not Vulgar,Non-abusive,Religion
image_3175.jpg,Negative,No,Not Vulgar,Abusive,Religion
image_3176.jpg,Negative,No,Vulgar,Abusive,Religion
image_3177.jpg,Negative,No,Vulgar,Abusive,Religion
image_3178.jpg,Negative,No,Vulgar,Abusive,Religion
image_3179.jpg,Negative,No,Vulgar,Abusive,Religion
image_3180.jpg,Negative,No,Vulgar,Abusive,National Origin
image_3181.jpg,Negative,No,Vulgar,Abusive,Religion#Individual
image_3182.jpg,Negative,No,Vulgar,Abusive,Individual
image_3183.jpg,Negative,No,Not Vulgar,Abusive,National Origin
image_3184.jpg,Negative,No,Not Vulgar,Abusive,Religion
image_3185.jpg,Negative,No,Not Vulgar,Non-abusive,National Origin
image_3186.jpg,Neutral,No,Not Vulgar,Non-abusive,None
image_3187.jpg,Positive,No,Not Vulgar,Non-abusive,Religion
image_3188.jpg,Negative,No,Not Vulgar,Non-abusive,None
image_3189.jpg,Negative,No,Vulgar,Abusive,Religion#Individual
image_3190.jpg,Negative,No,Vulgar,Abusive,Individual
image_3191.jpg,Neutral,No,Not Vulgar,Non-abusive,None
image_3192.jpg,Positive,Yes,Not Vulgar,Abusive,Individual
image_3193.jpg,Neutral,No,Vulgar,Non-abusive,None
image_3194.jpg,Neutral,No,Not Vulgar,Non-abusive,None
image_3195.jpg,Neutral,No,Not Vulgar,Non-abusive,None
image_3196.jpg,Neutral,No,Vulgar,Abusive,Gender
image_3197.jpg,Positive,No,Not Vulgar,Non-abusive,None
image_3198.jpg,Neutral,No,Not Vulgar,Non-abusive,None
image_3199.jpg,Positive,No,Not Vulgar,Non-abusive,None
image_3200.jpg,Neutral,No,Not Vulgar,Non-abusive,None
image_3201.jpg,Negative,No,Vulgar,Abusive,Gender
image_3202.jpg,Positive,No,Vulgar,Non-abusive,None
image_3203.jpg,Positive,Yes,Not Vulgar,Non-abusive,None
image_3204.jpg,Neutral,No,Vulgar,Abusive,Gender
image_3205.jpg,Neutral,No,Vulgar,Non-abusive,None
image_3206.jpg,Neutral,Yes,Not Vulgar,Non-abusive,None
image_3207.jpg,Neutral,No,Not Vulgar,Non-abusive,None
image_3208.jpg,Neutral,No,Vulgar,Non-abusive,None
image_3209.jpg,Positive,No,Vulgar,Non-abusive,None
image_3210.jpg,Neutral,No,Not Vulgar,Non-abusive,None
image_3211.jpg,Positive,No,Not Vulgar,Non-abusive,None
image_3212.jpg,Negative,No,Vulgar,Abusive,Gender
image_3213.jpg,Neutral,No,Not Vulgar,Non-abusive,None
image_3214.jpg,Positive,Yes,Not Vulgar,Non-abusive,None
image_3215.jpg,Neutral,No,Vulgar,Non-abusive,None
image_3216.jpg,Negative,No,Vulgar,Non-abusive,None
image_3217.jpg,Neutral,No,Vulgar,Non-abusive,None
image_3218.jpg,Positive,No,Vulgar,Non-abusive,None
image_3219.jpg,Neutral,No,Not Vulgar,Non-abusive,None
image_3220.jpg,Positive,No,Vulgar,Non-abusive,Gender
image_3221.jpg,Positive,Yes,Vulgar,Non-abusive,None
image_3222.jpg,Neutral,Yes,Vulgar,Non-abusive,None
image_3223.jpg,Neutral,Yes,Vulgar,Non-abusive,Gender
image_3224.jpg,Neutral,Yes,Vulgar,Non-abusive,Gender
image_3225.jpg,Positive,Yes,Not Vulgar,Non-abusive,None
image_3226.jpg,Neutral,No,Not Vulgar,Non-abusive,None
image_3227.jpg,Negative,Yes,Not Vulgar,Non-abusive,None
image_3228.jpg,Negative,No,Vulgar,Non-abusive,None
image_3229.jpg,Negative,Yes,Vulgar,Abusive,Gender
image_3230.jpg,Neutral,No,Vulgar,Non-abusive,None
image_3231.jpg,Neutral,No,Vulgar,Non-abusive,None
image_3232.jpg,Neutral,No,Vulgar,Non-abusive,None
image_3233.jpg,Negative,No,Vulgar,Non-abusive,None
image_3234.jpg,Neutral,Yes,Vulgar,Abusive,Gender
image_3235.jpg,Positive,Yes,Not Vulgar,Non-abusive,None
image_3236.jpg,Neutral,No,Not Vulgar,Non-abusive,None
image_3237.jpg,Negative,Yes,Not Vulgar,Abusive,Individual
image_3238.jpg,Negative,Yes,Vulgar,Abusive,Individual
image_3239.jpg,Negative,No,Vulgar,Abusive,Gender
image_3240.jpg,Positive,Yes,Vulgar,Non-abusive,None
image_3241.jpg,Positive,No,Not Vulgar,Non-abusive,Gender
image_3242.jpg,Positive,Yes,Vulgar,Abusive,Others
image_3243.jpg,Negative,Yes,Vulgar,Abusive,Others
image_3244.jpg,Neutral,Yes,Not Vulgar,Non-abusive,Individual
image_3245.jpg,Positive,No,Not Vulgar,Non-abusive,Individual
image_3246.jpg,Neutral,Yes,Not Vulgar,Non-abusive,Individual
image_3247.jpg,Negative,Yes,Vulgar,Abusive,Individual
image_3248.jpg,Positive,No,Not Vulgar,Non-abusive,Individual
image_3249.jpg,Neutral,No,Not Vulgar,Non-abusive,Political
image_3250.jpg,Neutral,No,Not Vulgar,Non-abusive,Individual
image_3251.jpg,Neutral,No,Not Vulgar,Non-abusive,None
image_3252.jpg,Neutral,No,Not Vulgar,Non-abusive,Political
image_3253.jpg,Negative,No,Not Vulgar,Non-abusive,None
image_3254.jpg,Neutral,No,Not Vulgar,Non-abusive,None
image_3255.jpg,Neutral,No,Not Vulgar,Non-abusive,Individual
image_3256.jpg,Negative,No,Vulgar,Abusive,Political
image_3257.jpg,Neutral,No,Not Vulgar,Non-abusive,National Origin
image_3258.jpg,Negative,No,Vulgar,Abusive,Individual
image_3259.jpg,Negative,No,Vulgar,Abusive,Individual
image_3260.jpg,Neutral,No,Vulgar,Abusive,Gender
image_3261.jpg,Neutral,No,Vulgar,Abusive,Individual
image_3262.jpg,Neutral,No,Vulgar,Abusive,Gender#Individual
image_3263.jpg,Neutral,No,Vulgar,Abusive,Gender#Individual
image_3264.jpg,Neutral,No,Not Vulgar,Non-abusive,Individual#Political
image_3265.jpg,Neutral,No,Vulgar,Abusive,Individual
image_3266.jpg,Positive,No,Not Vulgar,Non-abusive,Individual
image_3267.jpg,Neutral,No,Not Vulgar,Non-abusive,Individual
image_3268.jpg,Neutral,No,Not Vulgar,Non-abusive,Individual
image_3269.jpg,Neutral,No,Not Vulgar,Non-abusive,Individual
image_3270.jpg,Neutral,No,Not Vulgar,Non-abusive,Individual
image_3271.jpg,Neutral,No,Not Vulgar,Non-abusive,Individual
image_3272.jpg,Neutral,No,Not Vulgar,Non-abusive,Individual
image_3273.jpg,Neutral,No,Not Vulgar,Non-abusive,Individual
image_3274.jpg,Neutral,No,Vulgar,Abusive,Individual
image_3275.jpg,Neutral,No,Vulgar,Abusive,Individual
image_3276.jpg,Negative,No,Vulgar,Abusive,Individual
image_3277.jpg,Negative,No,Vulgar,Abusive,Individual
image_3278.jpg,Negative,No,Vulgar,Abusive,Individual
image_3279.jpg,Negative,No,Vulgar,Abusive,Individual
image_3280.jpg,Negative,No,Vulgar,Abusive,Individual
image_3281.jpg,Negative,No,Vulgar,Abusive,Gender#Political
image_3282.jpg,Negative,No,Vulgar,Abusive,Gender#Individual
image_3283.jpg,Negative,No,Vulgar,Abusive,National Origin#Individual
image_3284.jpg,Negative,No,Vulgar,Abusive,Individual
image_3285.jpg,Neutral,No,Not Vulgar,Non-abusive,Individual
image_3286.jpg,Neutral,No,Not Vulgar,Non-abusive,Individual
image_3287.jpg,Neutral,No,Not Vulgar,Abusive,Individual
image_3288.jpg,Negative,No,Vulgar,Abusive,Individual
image_3289.jpg,Neutral,No,Vulgar,Abusive,Religion
image_3290.jpg,Negative,No,Vulgar,Abusive,Individual
image_3291.jpg,Negative,No,Vulgar,Abusive,Individual
image_3292.jpg,Neutral,No,Not Vulgar,Non-abusive,None
image_3293.jpg,Negative,No,Vulgar,Abusive,Gender
image_3294.jpg,Negative,No,Vulgar,Abusive,Individual
image_3295.jpg,Negative,No,Vulgar,Abusive,Individual
image_3296.jpg,Negative,No,Vulgar,Abusive,Others
image_3297.jpg,Negative,No,Vulgar,Abusive,Religion#Individual
image_3298.jpg,Negative,No,Vulgar,Abusive,Religion#Individual
image_3299.jpg,Negative,No,Vulgar,Abusive,Religion#Individual
image_3400.jpg,Positive,No,Not Vulgar,Non-abusive,Social Sub-groups
image_3401.jpg,Neutral,No,Not Vulgar,Non-abusive,Social Sub-groups
image_3402.jpg,Neutral,No,Not Vulgar,Non-abusive,Social Sub-groups
image_3403.jpg,Negative,No,Not Vulgar,Non-abusive,Social Sub-groups
image_3404.jpg,Neutral,No,Not Vulgar,Non-abusive,Social Sub-groups
image_3405.jpg,Neutral,No,Not Vulgar,Non-abusive,Social Sub-groups
image_3406.jpg,Neutral,No,Not Vulgar,Non-abusive,Social Sub-groups
image_3407.jpg,Positive,No,Not Vulgar,Non-abusive,Social Sub-groups
image_3408.jpg,Neutral,No,Not Vulgar,Non-abusive,None
image_3409.jpg,Neutral,No,Not Vulgar,Non-abusive,Individual
image_3410.jpg,Neutral,No,Not Vulgar,Non-abusive,Gender
image_3411.jpg,Positive,No,Not Vulgar,Non-abusive,None
image_3412.jpg,Positive,No,Not Vulgar,Non-abusive,None
image_3413.jpg,Neutral,Yes,Not Vulgar,Non-abusive,None
image_3414.jpg,Negative,No,Not Vulgar,Abusive,Social Sub-groups
image_3415.jpg,Positive,No,Not Vulgar,Non-abusive,None
image_3416.jpg,Positive,No,Not Vulgar,Non-abusive,Individual
image_3417.jpg,Negative,No,Not Vulgar,Non-abusive,Social Sub-groups
image_3418.jpg,Negative,No,Not Vulgar,Non-abusive,Social Sub-groups
image_3419.jpg,Positive,No,Not Vulgar,Non-abusive,Social Sub-groups
image_3420.jpg,Negative,No,Not Vulgar,Non-abusive,Social Sub-groups
image_3421.jpg,Negative,Yes,Not Vulgar,Non-abusive,Social Sub-groups
image_3422.jpg,Neutral,No,Not Vulgar,Non-abusive,Social Sub-groups
image_3423.jpg,Positive,No,Not Vulgar,Non-abusive,Social Sub-groups
image_3424.jpg,Neutral,No,Not Vulgar,Non-abusive,None
image_3425.jpg,Neutral,No,Not Vulgar,Non-abusive,Social Sub-groups
image_3426.jpg,Neutral,No,Not Vulgar,Non-abusive,Social Sub-groups
image_3427.jpg,Negative,No,Not Vulgar,Non-abusive,Social Sub-groups
image_3428.jpg,Neutral,No,Not Vulgar,Non-abusive,Social Sub-groups
image_3429.jpg,Neutral,No,Not Vulgar,Non-abusive,Social Sub-groups
image_3430.jpg,Neutral,No,Not Vulgar,Non-abusive,None
image_3431.jpg,Positive,No,Not Vulgar,Non-abusive,Social Sub-groups
image_3432.jpg,Negative,No,Not Vulgar,Abusive,Social Sub-groups
image_3433.jpg,Negative,Yes,Vulgar,Non-abusive,None
image_3434.jpg,Positive,No,Not Vulgar,Non-abusive,Social Sub-groups
image_3435.jpg,Positive,No,Not Vulgar,Non-abusive,Social Sub-groups
image_3436.jpg,Positive,No,Not Vulgar,Non-abusive,Social Sub-groups
image_3437.jpg,Positive,No,Not Vulgar,Non-abusive,Social Sub-groups
image_3438.jpg,Negative,No,Vulgar,Abusive,Social Sub-groups
image_3439.jpg,Positive,No,Not Vulgar,Non-abusive,Social Sub-groups
image_3440.jpg,Positive,No,Not Vulgar,Non-abusive,Social Sub-groups
image_3441.jpg,Positive,No,Not Vulgar,Non-abusive,Social Sub-groups
image_3442.jpg,Positive,No,Not Vulgar,Non-abusive,Social Sub-groups
image_3443.jpg,Negative,No,Vulgar,Abusive,Social Sub-groups
image_3444.jpg,Negative,Yes,Not Vulgar,Abusive,Gender#Social Sub-groups
image_3445.jpg,Neutral,No,Not Vulgar,Non-abusive,Social Sub-groups
image_3446.jpg,Positive,No,Not Vulgar,Non-abusive,Individual
image_3447.jpg,Neutral,No,Not Vulgar,Non-abusive,Gender
image_3448.jpg,Negative,No,Not Vulgar,Non-abusive,Social Sub-groups
image_3449.jpg,Neutral,No,Not Vulgar,Non-abusive,Social Sub-groups
image_3450.jpg,Neutral,Yes,Not Vulgar,Non-abusive,Gender#Social Sub-groups
image_3451.jpg,Negative,No,Vulgar,Abusive,Social Sub-groups
image_3452.jpg,Positive,No,Not Vulgar,Non-abusive,Individual#Social Sub-groups
image_3453.jpg,Negative,No,Not Vulgar,Abusive,Social Sub-groups
image_3454.jpg,Neutral,No,Not Vulgar,Non-abusive,Social Sub-groups
image_3455.jpg,Neutral,No,Not Vulgar,Non-abusive,None
image_3456.jpg,Neutral,No,Not Vulgar,Non-abusive,Individual
image_3457.jpg,Neutral,Yes,Not Vulgar,Non-abusive,Social Sub-groups
image_3458.jpg,Neutral,No,Not Vulgar,Non-abusive,Social Sub-groups
image_3459.jpg,Positive,No,Not Vulgar,Non-abusive,Social Sub-groups
image_3460.jpg,Neutral,No,Not Vulgar,Non-abusive,Social Sub-groups
image_3461.jpg,Neutral,No,Not Vulgar,Non-abusive,Social Sub-groups
image_3462.jpg,Negative,No,Not Vulgar,Non-abusive,Social Sub-groups
image_3463.jpg,Neutral,No,Not Vulgar,Non-abusive,None
image_3464.jpg,Positive,No,Not Vulgar,Non-abusive,Social Sub-groups
image_3465.jpg,Negative,Yes,Not Vulgar,Abusive,Individual
image_3466.jpg,Negative,No,Not Vulgar,Abusive,Social Sub-groups
image_3467.jpg,Neutral,No,Not Vulgar,Non-abusive,None
image_3468.jpg,Negative,No,Vulgar,Abusive,Social Sub-groups
image_3469.jpg,Neutral,Yes,Not Vulgar,Non-abusive,Social Sub-groups
image_3470.jpg,Neutral,No,Not Vulgar,Non-abusive,Social Sub-groups
image_3471.jpg,Positive,No,Not Vulgar,Non-abusive,Social Sub-groups
image_3472.jpg,Positive,No,Not Vulgar,Non-abusive,Social Sub-groups
image_3473.jpg,Neutral,No,Not Vulgar,Non-abusive,Social Sub-groups
image_3474.jpg,Neutral,Yes,Not Vulgar,Non-abusive,Social Sub-groups
image_3475.jpg,Positive,No,Not Vulgar,Non-abusive,Social Sub-groups
image_3476.jpg,Positive,No,Not Vulgar,Non-abusive,Social Sub-groups
image_3477.jpg,Positive,No,Not Vulgar,Non-abusive,Social Sub-groups
image_3478.jpg,Positive,No,Not Vulgar,Non-abusive,Social Sub-groups
image_3479.jpg,Positive,No,Not Vulgar,Non-abusive,Social Sub-groups
image_3480.jpg,Positive,No,Not Vulgar,Non-abusive,Social Sub-groups
image_3481.jpg,Positive,No,Not Vulgar,Non-abusive,Social Sub-groups
image_3482.jpg,Positive,No,Not Vulgar,Non-abusive,Social Sub-groups
image_3483.jpg,Negative,No,Not Vulgar,Non-abusive,Social Sub-groups
image_3484.jpg,Positive,No,Not Vulgar,Non-abusive,Social Sub-groups
image_3485.jpg,Neutral,No,Not Vulgar,Non-abusive,None
image_3486.jpg,Positive,No,Not Vulgar,Non-abusive,Social Sub-groups
image_3487.jpg,Positive,No,Not Vulgar,Non-abusive,Social Sub-groups
image_3488.jpg,Neutral,No,Not Vulgar,Non-abusive,None
image_3489.jpg,Positive,No,Not Vulgar,Non-abusive,Social Sub-groups
image_3490.jpg,Positive,No,Not Vulgar,Non-abusive,Social Sub-groups
image_3491.jpg,Neutral,No,Not Vulgar,Non-abusive,Religion
image_3492.jpg,Positive,No,Not Vulgar,Non-abusive,Social Sub-groups
image_3493.jpg,Negative,No,Not Vulgar,Abusive,Social Sub-groups
image_3494.jpg,Positive,No,Not Vulgar,Non-abusive,Social Sub-groups
image_3495.jpg,Neutral,No,Not Vulgar,Non-abusive,Social Sub-groups
image_3496.jpg,Neutral,No,Not Vulgar,Non-abusive,Social Sub-groups
image_3497.jpg,Negative,No,Not Vulgar,Abusive,Social Sub-groups
image_3498.jpg,Negative,No,Not Vulgar,Abusive,Social Sub-groups
image_3499.jpg,Neutral,No,Not Vulgar,Non-abusive,Social Sub-groups
image_3500.jpg,Neutral,No,Not Vulgar,Non-abusive,Social Sub-groups
image_3501.jpg,Negative,No,Vulgar,Abusive,Social Sub-groups
image_3502.jpg,Neutral,No,Not Vulgar,Non-abusive,Social Sub-groups
image_3503.jpg,Neutral,No,Not Vulgar,Non-abusive,Social Sub-groups
image_3504.jpg,Negative,No,Not Vulgar,Abusive,Social Sub-groups
image_3505.jpg,Negative,No,Not Vulgar,Abusive,Social Sub-groups
image_3506.jpg,Negative,No,Vulgar,Abusive,Social Sub-groups
image_3507.jpg,Positive,No,Not Vulgar,Non-abusive,None
image_3508.jpg,Negative,No,Not Vulgar,Non-abusive,Social Sub-groups
image_3509.jpg,Positive,No,Not Vulgar,Non-abusive,Social Sub-groups
image_3510.jpg,Neutral,No,Not Vulgar,Non-abusive,Social Sub-groups
image_3511.jpg,Negative,Yes,Not Vulgar,Abusive,Social Sub-groups
image_3512.jpg,Neutral,No,Not Vulgar,Non-abusive,Social Sub-groups
image_3513.jpg,Neutral,No,Vulgar,Abusive,Social Sub-groups
image_3514.jpg,Neutral,No,Not Vulgar,Non-abusive,Social Sub-groups
image_3515.jpg,Positive,No,Not Vulgar,Non-abusive,Social Sub-groups
image_3516.jpg,Negative,No,Not Vulgar,Abusive,Social Sub-groups
image_3517.jpg,Negative,No,Not Vulgar,Non-abusive,None
image_3518.jpg,Neutral,No,Not Vulgar,Non-abusive,Social Sub-groups
image_3519.jpg,Neutral,No,Not Vulgar,Non-abusive,Social Sub-groups
image_3520.jpg,Positive,No,Not Vulgar,Non-abusive,Social Sub-groups
image_3521.jpg,Neutral,No,Not Vulgar,Non-abusive,Social Sub-groups
image_3522.jpg,Negative,No,Vulgar,Abusive,Social Sub-groups
image_3523.jpg,Positive,Yes,Not Vulgar,Non-abusive,Social Sub-groups
image_3524.jpg,Positive,No,Not Vulgar,Non-abusive,None
image_3525.jpg,Negative,No,Vulgar,Abusive,Social Sub-groups
image_3526.jpg,Neutral,Yes,Not Vulgar,Non-abusive,Social Sub-groups
image_3527.jpg,Negative,Yes,Vulgar,Abusive,Gender#Social Sub-groups
image_3528.jpg,Negative,Yes,Vulgar,Abusive,Social Sub-groups
image_3529.jpg,Positive,No,Not Vulgar,Non-abusive,Social Sub-groups
image_3530.jpg,Negative,Yes,Not Vulgar,Non-abusive,Social Sub-groups
image_3531.jpg,Negative,No,Not Vulgar,Abusive,Social Sub-groups
image_3532.jpg,Negative,No,Not Vulgar,Abusive,Social Sub-groups
image_3533.jpg,Positive,No,Not Vulgar,Non-abusive,Social Sub-groups
image_3534.jpg,Positive,No,Not Vulgar,Non-abusive,Social Sub-groups
image_3535.jpg,Positive,No,Not Vulgar,Non-abusive,Social Sub-groups
image_3536.jpg,Negative,Yes,Not Vulgar,Abusive,Social Sub-groups
image_3537.jpg,Positive,No,Not Vulgar,Non-abusive,Social Sub-groups
image_3538.jpg,Positive,No,Not Vulgar,Non-abusive,Social Sub-groups
image_3539.jpg,Negative,No,Not Vulgar,Abusive,Social Sub-groups
image_3540.jpg,Negative,No,Vulgar,Abusive,Social Sub-groups
image_3541.jpg,Positive,No,Not Vulgar,Non-abusive,Social Sub-groups
image_3542.jpg,Neutral,No,Not Vulgar,Non-abusive,Social Sub-groups
image_3543.jpg,Positive,No,Not Vulgar,Non-abusive,None
image_3544.jpg,Neutral,No,Not Vulgar,Non-abusive,Social Sub-groups
image_3545.jpg,Neutral,No,Not Vulgar,Non-abusive,Social Sub-groups
image_3546.jpg,Positive,No,Not Vulgar,Non-abusive,Social Sub-groups
image_3547.jpg,Positive,No,Not Vulgar,Non-abusive,None
image_3548.jpg,Negative,No,Not Vulgar,Abusive,Social Sub-groups
image_3549.jpg,Negative,No,Not Vulgar,Abusive,Social Sub-groups
image_3550.jpg,Positive,No,Not Vulgar,Non-abusive,None
image_3551.jpg,Negative,No,Vulgar,Abusive,Social Sub-groups
image_3552.jpg,Negative,No,Not Vulgar,Abusive,Social Sub-groups
image_3553.jpg,Negative,No,Vulgar,Abusive,Social Sub-groups
image_3554.jpg,Negative,No,Not Vulgar,Abusive,Social Sub-groups
image_3555.jpg,Neutral,No,Not Vulgar,Non-abusive,Social Sub-groups
image_3556.jpg,Negative,Yes,Not Vulgar,Abusive,Social Sub-groups
image_3557.jpg,Positive,No,Not Vulgar,Non-abusive,Social Sub-groups
image_3558.jpg,Positive,No,Not Vulgar,Non-abusive,Social Sub-groups
image_3559.jpg,Negative,No,Not Vulgar,Non-abusive,Social Sub-groups
image_3560.jpg,Neutral,No,Not Vulgar,Non-abusive,None
image_3561.jpg,Neutral,No,Not Vulgar,Non-abusive,Social Sub-groups
image_3562.jpg,Positive,No,Not Vulgar,Non-abusive,National Origin#Social Sub-groups
image_3563.jpg,Positive,No,Not Vulgar,Non-abusive,Social Sub-groups
image_3564.jpg,Positive,No,Not Vulgar,Non-abusive,Social Sub-groups
image_3565.jpg,Neutral,No,Not Vulgar,Non-abusive,Social Sub-groups
image_3566.jpg,Neutral,No,Not Vulgar,Non-abusive,Gender#Social Sub-groups
image_3567.jpg,Neutral,No,Not Vulgar,Non-abusive,Social Sub-groups
image_3568.jpg,Positive,No,Not Vulgar,Non-abusive,Social Sub-groups
image_3569.jpg,Positive,No,Not Vulgar,Non-abusive,National Origin
image_3570.jpg,Positive,No,Not Vulgar,Non-abusive,None
image_3571.jpg,Positive,No,Not Vulgar,Non-abusive,Social Sub-groups
image_3572.jpg,Neutral,No,Not Vulgar,Non-abusive,Social Sub-groups
image_3573.jpg,Negative,No,Not Vulgar,Non-abusive,Religion#Social Sub-groups
image_3574.jpg,Positive,No,Not Vulgar,Non-abusive,None
image_3575.jpg,Negative,No,Not Vulgar,Abusive,Social Sub-groups
image_3576.jpg,Negative,No,Not Vulgar,Abusive,Social Sub-groups
image_3577.jpg,Positive,No,Not Vulgar,Non-abusive,Social Sub-groups
image_3578.jpg,Neutral,No,Not Vulgar,Non-abusive,Social Sub-groups
image_3579.jpg,Positive,No,Not Vulgar,Non-abusive,Social Sub-groups
image_3580.jpg,Positive,No,Not Vulgar,Non-abusive,Social Sub-groups
image_3581.jpg,Negative,No,Not Vulgar,Abusive,Social Sub-groups
image_3582.jpg,Negative,No,Not Vulgar,Abusive,Social Sub-groups
image_3583.jpg,Negative,No,Not Vulgar,Abusive,Social Sub-groups
image_3584.jpg,Neutral,Yes,Not Vulgar,Non-abusive,Social Sub-groups
image_3585.jpg,Negative,Yes,Vulgar,Abusive,Social Sub-groups
image_3586.jpg,Negative,No,Not Vulgar,Abusive,Social Sub-groups
image_3587.jpg,Negative,No,Not Vulgar,Abusive,Social Sub-groups
image_3588.jpg,Negative,No,Not Vulgar,Non-abusive,Social Sub-groups
image_3589.jpg,Negative,No,Not Vulgar,Non-abusive,None
image_3590.jpg,Negative,No,Not Vulgar,Abusive,Social Sub-groups
image_3591.jpg,Neutral,No,Not Vulgar,Non-abusive,Social Sub-groups
image_3592.jpg,Negative,No,Not Vulgar,Abusive,Social Sub-groups
image_3593.jpg,Negative,Yes,Not Vulgar,Abusive,Social Sub-groups
image_3594.jpg,Negative,No,Not Vulgar,Abusive,Social Sub-groups
image_3595.jpg,Negative,No,Vulgar,Abusive,Social Sub-groups
image_3596.jpg,Negative,Yes,Not Vulgar,Abusive,Social Sub-groups
image_3597.jpg,Negative,Yes,Not Vulgar,Abusive,Social Sub-groups
image_3598.jpg,Negative,Yes,Not Vulgar,Abusive,Social Sub-groups
image_3599.jpg,Neutral,No,Not Vulgar,Non-abusive,Social Sub-groups
image_3600.jpg,Negative,Yes,Not Vulgar,Abusive,Social Sub-groups
image_3601.jpg,Negative,Yes,Not Vulgar,Abusive,Social Sub-groups
image_3602.jpg,Negative,No,Not Vulgar,Abusive,Social Sub-groups
image_3603.jpg,Negative,No,Not Vulgar,Abusive,Social Sub-groups
image_3604.jpg,Neutral,No,Not Vulgar,Non-abusive,Social Sub-groups
image_3605.jpg,Positive,Yes,Not Vulgar,Abusive,Social Sub-groups
image_3606.jpg,Positive,Yes,Not Vulgar,Abusive,Social Sub-groups
image_3607.jpg,Neutral,No,Not Vulgar,Non-abusive,Social Sub-groups
image_3608.jpg,Negative,No,Not Vulgar,Abusive,Social Sub-groups
image_3609.jpg,Negative,No,Vulgar,Abusive,Social Sub-groups
image_3610.jpg,Positive,No,Not Vulgar,Non-abusive,Social Sub-groups
image_3611.jpg,Neutral,No,Not Vulgar,Non-abusive,Social Sub-groups
image_3612.jpg,Positive,No,Not Vulgar,Non-abusive,Social Sub-groups
image_3613.jpg,Positive,No,Not Vulgar,Non-abusive,None
image_3614.jpg,Neutral,No,Not Vulgar,Non-abusive,Social Sub-groups
image_3615.jpg,Neutral,Yes,Not Vulgar,Abusive,Individual
image_3616.jpg,Negative,No,Not Vulgar,Abusive,Social Sub-groups
image_3617.jpg,Positive,Yes,Vulgar,Abusive,Social Sub-groups
image_3618.jpg,Negative,Yes,Not Vulgar,Abusive,Social Sub-groups
image_3619.jpg,Positive,Yes,Not Vulgar,Non-abusive,Social Sub-groups
image_3620.jpg,Positive,No,Not Vulgar,Non-abusive,Social Sub-groups
image_3621.jpg,Negative,No,Not Vulgar,Abusive,Social Sub-groups
image_3622.jpg,Positive,No,Not Vulgar,Non-abusive,Social Sub-groups
image_3623.jpg,Negative,Yes,Not Vulgar,Non-abusive,Social Sub-groups
image_3624.jpg,Neutral,No,Not Vulgar,Non-abusive,Individual#Social Sub-groups
image_3625.jpg,Negative,No,Not Vulgar,Abusive,Social Sub-groups
image_3626.jpg,Positive,Yes,Not Vulgar,Non-abusive,Social Sub-groups
image_3627.jpg,Positive,No,Not Vulgar,Non-abusive,Social Sub-groups
image_3628.jpg,Positive,Yes,Not Vulgar,Non-abusive,Social Sub-groups
image_3629.jpg,Negative,Yes,Vulgar,Abusive,Social Sub-groups
image_3630.jpg,Negative,Yes,Not Vulgar,Non-abusive,Social Sub-groups
image_3631.jpg,Negative,Yes,Not Vulgar,Abusive,Gender#Social Sub-groups
image_3632.jpg,Negative,Yes,Not Vulgar,Abusive,Social Sub-groups
image_3633.jpg,Positive,No,Not Vulgar,Non-abusive,Social Sub-groups
image_3634.jpg,Positive,No,Not Vulgar,Non-abusive,Social Sub-groups
image_3635.jpg,Positive,No,Not Vulgar,Non-abusive,Social Sub-groups
image_3636.jpg,Neutral,No,Not Vulgar,Non-abusive,Social Sub-groups
image_3637.jpg,Negative,Yes,Not Vulgar,Abusive,Gender#Social Sub-groups
image_3638.jpg,Negative,Yes,Not Vulgar,Non-abusive,Social Sub-groups
image_3639.jpg,Negative,Yes,Vulgar,Abusive,Social Sub-groups
image_3640.jpg,Negative,No,Vulgar,Abusive,Social Sub-groups
image_3641.jpg,Negative,No,Vulgar,Abusive,Social Sub-groups
image_3642.jpg,Neutral,Yes,Not Vulgar,Non-abusive,Social Sub-groups
image_3643.jpg,Positive,Yes,Not Vulgar,Non-abusive,Social Sub-groups
image_3644.jpg,Neutral,No,Not Vulgar,Non-abusive,Social Sub-groups
image_3645.jpg,Neutral,No,Not Vulgar,Non-abusive,Social Sub-groups
image_3646.jpg,Positive,No,Not Vulgar,Non-abusive,Social Sub-groups
image_3647.jpg,Neutral,Yes,Not Vulgar,Non-abusive,Social Sub-groups
image_3648.jpg,Negative,Yes,Not Vulgar,Abusive,Gender#Social Sub-groups
image_3649.jpg,Neutral,No,Not Vulgar,Non-abusive,Social Sub-groups
image_3650.jpg,Neutral,Yes,Not Vulgar,Non-abusive,Social Sub-groups
image_3651.jpg,Neutral,No,Not Vulgar,Non-abusive,Social Sub-groups
image_3652.jpg,Neutral,No,Not Vulgar,Non-abusive,Social Sub-groups
image_3653.jpg,Negative,No,Not Vulgar,Abusive,Gender#Social Sub-groups
image_3654.jpg,Negative,Yes,Not Vulgar,Abusive,Social Sub-groups
image_3655.jpg,Negative,No,Not Vulgar,Abusive,Social Sub-groups
image_3656.jpg,Negative,No,Not Vulgar,Abusive,Social Sub-groups
image_3657.jpg,Negative,Yes,Not Vulgar,Abusive,Social Sub-groups
image_3658.jpg,Positive,Yes,Not Vulgar,Abusive,Social Sub-groups
image_3659.jpg,Negative,No,Not Vulgar,Abusive,Social Sub-groups
image_3660.jpg,Neutral,No,Not Vulgar,Non-abusive,Social Sub-groups
image_3661.jpg,Negative,No,Not Vulgar,Abusive,Social Sub-groups
image_3662.jpg,Neutral,No,Not Vulgar,Abusive,Social Sub-groups
image_3663.jpg,Neutral,Yes,Not Vulgar,Non-abusive,Social Sub-groups
image_3664.jpg,Negative,No,Vulgar,Abusive,Social Sub-groups
image_3665.jpg,Negative,No,Vulgar,Abusive,Social Sub-groups
image_3666.jpg,Neutral,No,Not Vulgar,Non-abusive,Social Sub-groups
image_3667.jpg,Negative,No,Not Vulgar,Abusive,Social Sub-groups
image_3668.jpg,Negative,No,Vulgar,Abusive,Social Sub-groups
image_3669.jpg,Negative,No,Not Vulgar,Abusive,Social Sub-groups
image_3670.jpg,Neutral,No,Not Vulgar,Non-abusive,None
image_3671.jpg,Negative,No,Not Vulgar,Abusive,Social Sub-groups
image_3672.jpg,Negative,No,Vulgar,Abusive,Gender#Social Sub-groups
image_3673.jpg,Negative,Yes,Not Vulgar,Abusive,Social Sub-groups
image_3674.jpg,Negative,Yes,Not Vulgar,Abusive,Social Sub-groups
image_3675.jpg,Negative,No,Not Vulgar,Abusive,Social Sub-groups
image_3676.jpg,Positive,No,Not Vulgar,Non-abusive,None
image_3677.jpg,Negative,No,Vulgar,Abusive,Social Sub-groups
image_3678.jpg,Negative,No,Not Vulgar,Abusive,Social Sub-groups
image_3679.jpg,Negative,No,Not Vulgar,Abusive,Social Sub-groups
image_3680.jpg,Negative,Yes,Not Vulgar,Abusive,Gender#Social Sub-groups
image_3681.jpg,Negative,No,Vulgar,Abusive,Social Sub-groups
image_3682.jpg,Positive,No,Not Vulgar,Non-abusive,Social Sub-groups
image_3683.jpg,Negative,Yes,Not Vulgar,Abusive,Social Sub-groups
image_3684.jpg,Negative,No,Not Vulgar,Abusive,Social Sub-groups
image_3685.jpg,Neutral,No,Not Vulgar,Non-abusive,None
image_3686.jpg,Negative,No,Not Vulgar,Abusive,Social Sub-groups
image_3687.jpg,Neutral,No,Not Vulgar,Non-abusive,Social Sub-groups
image_3688.jpg,Negative,No,Not Vulgar,Abusive,Social Sub-groups
image_3689.jpg,Negative,No,Not Vulgar,Abusive,Social Sub-groups
image_3690.jpg,Negative,No,Not Vulgar,Abusive,Social Sub-groups
image_3691.jpg,Negative,Yes,Not Vulgar,Abusive,Social Sub-groups
image_3692.jpg,Negative,No,Not Vulgar,Abusive,Social Sub-groups
image_3693.jpg,Negative,No,Not Vulgar,Abusive,Social Sub-groups
image_3694.jpg,Positive,No,Not Vulgar,Non-abusive,None
image_3695.jpg,Neutral,No,Not Vulgar,Abusive,Social Sub-groups
image_3696.jpg,Neutral,No,Not Vulgar,Abusive,Social Sub-groups
image_3697.jpg,Negative,No,Not Vulgar,Abusive,Social Sub-groups
image_3698.jpg,Positive,Yes,Not Vulgar,Abusive,Social Sub-groups
image_3699.jpg,Negative,Yes,Not Vulgar,Abusive,Social Sub-groups
image_3700.jpg,Negative,No,Not Vulgar,Abusive,Social Sub-groups
image_3701.jpg,Negative,No,Not Vulgar,Abusive,Social Sub-groups
image_3702.jpg,Negative,No,Vulgar,Abusive,Social Sub-groups
image_3703.jpg,Neutral,Yes,Not Vulgar,Non-abusive,None
image_3704.jpg,Neutral,No,Not Vulgar,Non-abusive,Social Sub-groups
image_3705.jpg,Negative,No,Vulgar,Abusive,Social Sub-groups
image_3706.jpg,Negative,No,Not Vulgar,Abusive,Social Sub-groups
image_3707.jpg,Positive,No,Not Vulgar,Non-abusive,Social Sub-groups
image_3708.jpg,Negative,No,Vulgar,Abusive,Social Sub-groups
image_3709.jpg,Neutral,No,Not Vulgar,Non-abusive,Social Sub-groups
image_3710.jpg,Neutral,No,Not Vulgar,Abusive,Social Sub-groups
image_3711.jpg,Negative,Yes,Not Vulgar,Abusive,Social Sub-groups
image_3712.jpg,Negative,No,Not Vulgar,Abusive,Social Sub-groups
image_3713.jpg,Negative,Yes,Not Vulgar,Non-abusive,Social Sub-groups
image_3714.jpg,Negative,Yes,Not Vulgar,Abusive,Social Sub-groups
image_3715.jpg,Positive,No,Not Vulgar,Non-abusive,None
image_3716.jpg,Negative,No,Not Vulgar,Abusive,Social Sub-groups
image_3717.jpg,Negative,Yes,Not Vulgar,Abusive,Social Sub-groups
image_3718.jpg,Negative,No,Not Vulgar,Abusive,Social Sub-groups
image_3719.jpg,Negative,Yes,Not Vulgar,Abusive,Social Sub-groups
image_3720.jpg,Negative,No,Not Vulgar,Abusive,Social Sub-groups
image_3721.jpg,Positive,No,Not Vulgar,Non-abusive,Social Sub-groups
image_3722.jpg,Negative,No,Not Vulgar,Abusive,Social Sub-groups
image_3723.jpg,Negative,No,Not Vulgar,Abusive,Social Sub-groups
image_3724.jpg,Neutral,No,Not Vulgar,Non-abusive,Social Sub-groups
image_3725.jpg,Neutral,No,Not Vulgar,Non-abusive,Social Sub-groups
image_3726.jpg,Positive,Yes,Not Vulgar,Abusive,Social Sub-groups
image_3727.jpg,Positive,No,Not Vulgar,Non-abusive,Social Sub-groups
image_3728.jpg,Negative,Yes,Not Vulgar,Abusive,Social Sub-groups
image_3729.jpg,Negative,Yes,Not Vulgar,Non-abusive,Social Sub-groups
image_3730.jpg,Positive,No,Not Vulgar,Non-abusive,Social Sub-groups
image_3731.jpg,Positive,No,Not Vulgar,Non-abusive,National Origin
image_3732.jpg,Neutral,No,Not Vulgar,Non-abusive,Social Sub-groups
image_3733.jpg,Positive,No,Not Vulgar,Non-abusive,Others
image_3734.jpg,Positive,Yes,Not Vulgar,Non-abusive,None
image_3735.jpg,Positive,No,Not Vulgar,Non-abusive,None
image_3736.jpg,Neutral,No,Vulgar,Abusive,Social Sub-groups
image_3737.jpg,Negative,No,Not Vulgar,Non-abusive,Social Sub-groups
image_3738.jpg,Negative,No,Not Vulgar,Non-abusive,None
image_3739.jpg,Negative,Yes,Not Vulgar,Abusive,Social Sub-groups
image_3740.jpg,Negative,No,Not Vulgar,Abusive,Social Sub-groups
image_3741.jpg,Neutral,No,Not Vulgar,Non-abusive,None
image_3742.jpg,Positive,No,Not Vulgar,Non-abusive,None
image_3743.jpg,Neutral,No,Not Vulgar,Non-abusive,None
image_3744.jpg,Positive,No,Not Vulgar,Non-abusive,None
image_3745.jpg,Negative,No,Not Vulgar,Abusive,Social Sub-groups
image_3746.jpg,Neutral,No,Not Vulgar,Non-abusive,Social Sub-groups
image_3747.jpg,Positive,Yes,Not Vulgar,Non-abusive,Social Sub-groups
image_3748.jpg,Positive,No,Not Vulgar,Non-abusive,None
image_3749.jpg,Neutral,Yes,Not Vulgar,Non-abusive,Social Sub-groups
image_3750.jpg,Positive,Yes,Not Vulgar,Non-abusive,None
image_3751.jpg,Neutral,No,Not Vulgar,Non-abusive,None
image_3752.jpg,Neutral,No,Not Vulgar,Non-abusive,Social Sub-groups
image_3753.jpg,Positive,No,Not Vulgar,Non-abusive,Gender
image_3754.jpg,Negative,Yes,Not Vulgar,Abusive,Individual
image_3755.jpg,Positive,No,Not Vulgar,Non-abusive,Social Sub-groups
image_3756.jpg,Negative,No,Vulgar,Abusive,Social Sub-groups
image_3757.jpg,Neutral,Yes,Not Vulgar,Non-abusive,Social Sub-groups
image_3758.jpg,Positive,No,Not Vulgar,Non-abusive,None
image_3759.jpg,Neutral,No,Not Vulgar,Non-abusive,Social Sub-groups
image_3760.jpg,Positive,Yes,Not Vulgar,Non-abusive,Social Sub-groups
image_3761.jpg,Positive,No,Not Vulgar,Non-abusive,Social Sub-groups
image_3762.jpg,Positive,No,Not Vulgar,Non-abusive,Social Sub-groups
image_3763.jpg,Negative,No,Not Vulgar,Abusive,Social Sub-groups
image_3764.jpg,Neutral,No,Not Vulgar,Non-abusive,Social Sub-groups
image_3765.jpg,Positive,No,Not Vulgar,Non-abusive,Social Sub-groups
image_3766.jpg,Negative,Yes,Not Vulgar,Abusive,Social Sub-groups
image_3767.jpg,Positive,No,Not Vulgar,Non-abusive,None
image_3768.jpg,Neutral,No,Not Vulgar,Abusive,Social Sub-groups
image_3769.jpg,Positive,No,Not Vulgar,Non-abusive,None
image_3770.jpg,Positive,Yes,Not Vulgar,Non-abusive,Social Sub-groups
image_3771.jpg,Neutral,No,Not Vulgar,Non-abusive,Social Sub-groups
image_3772.jpg,Negative,No,Not Vulgar,Abusive,Social Sub-groups
image_3773.jpg,Negative,No,Vulgar,Abusive,Social Sub-groups
image_3774.jpg,Negative,No,Not Vulgar,Abusive,Social Sub-groups
image_3775.jpg,Negative,No,Not Vulgar,Abusive,Social Sub-groups
image_3776.jpg,Neutral,No,Not Vulgar,Non-abusive,Social Sub-groups
image_3777.jpg,Neutral,No,Not Vulgar,Non-abusive,Social Sub-groups
image_3778.jpg,Negative,No,Vulgar,Abusive,Social Sub-groups
image_3779.jpg,Negative,No,Not Vulgar,Abusive,Social Sub-groups
image_3780.jpg,Positive,No,Not Vulgar,Non-abusive,Social Sub-groups
image_3781.jpg,Negative,No,Not Vulgar,Abusive,Social Sub-groups
image_3782.jpg,Positive,No,Not Vulgar,Non-abusive,None
image_3783.jpg,Negative,Yes,Vulgar,Abusive,Social Sub-groups
image_3784.jpg,Neutral,No,Not Vulgar,Non-abusive,None
image_3785.jpg,Negative,Yes,Not Vulgar,Abusive,Social Sub-groups
image_3786.jpg,Neutral,Yes,Not Vulgar,Non-abusive,Social Sub-groups
image_3787.jpg,Neutral,Yes,Not Vulgar,Non-abusive,None
image_3788.jpg,Neutral,No,Not Vulgar,Non-abusive,Social Sub-groups
image_3789.jpg,Negative,No,Vulgar,Abusive,Social Sub-groups
image_3790.jpg,Negative,No,Not Vulgar,Abusive,Social Sub-groups
image_3791.jpg,Neutral,No,Not Vulgar,Non-abusive,None
image_3792.jpg,Negative,No,Vulgar,Abusive,Social Sub-groups
image_3793.jpg,Positive,No,Not Vulgar,Non-abusive,None
image_3794.jpg,Negative,No,Vulgar,Abusive,Social Sub-groups
image_3795.jpg,Neutral,No,Not Vulgar,Abusive,Social Sub-groups
image_3796.jpg,Neutral,No,Not Vulgar,Non-abusive,None
image_3797.jpg,Negative,No,Not Vulgar,Abusive,Social Sub-groups
image_3798.jpg,Negative,No,Not Vulgar,Abusive,Social Sub-groups
image_3799.jpg,Positive,No,Not Vulgar,Non-abusive,None
image_3800.jpg,Neutral,No,Not Vulgar,Non-abusive,None
image_3801.jpg,Negative,Yes,Not Vulgar,Abusive,Social Sub-groups
image_3802.jpg,Negative,Yes,Vulgar,Abusive,Social Sub-groups
image_3803.jpg,Neutral,No,Not Vulgar,Non-abusive,Social Sub-groups
image_3804.jpg,Negative,No,Not Vulgar,Abusive,Social Sub-groups
image_3805.jpg,Neutral,No,Not Vulgar,Non-abusive,Gender#Social Sub-groups
image_3806.jpg,Neutral,No,Not Vulgar,Non-abusive,Social Sub-groups
image_3807.jpg,Neutral,No,Not Vulgar,Non-abusive,Social Sub-groups
image_3808.jpg,Negative,No,Vulgar,Abusive,Social Sub-groups
image_3809.jpg,Neutral,No,Vulgar,Abusive,Social Sub-groups
image_3810.jpg,Neutral,Yes,Not Vulgar,Abusive,Social Sub-groups
image_3811.jpg,Negative,Yes,Not Vulgar,Non-abusive,Social Sub-groups
image_3812.jpg,Negative,Yes,Not Vulgar,Abusive,Social Sub-groups
image_3813.jpg,Negative,Yes,Not Vulgar,Abusive,Social Sub-groups
image_3814.jpg,Neutral,No,Not Vulgar,Non-abusive,Social Sub-groups
image_3815.jpg,Neutral,No,Not Vulgar,Non-abusive,National Origin
image_3816.jpg,Negative,No,Not Vulgar,Abusive,Social Sub-groups
image_3817.jpg,Negative,Yes,Not Vulgar,Abusive,Social Sub-groups
image_3818.jpg,Negative,Yes,Not Vulgar,Abusive,Social Sub-groups
image_3819.jpg,Negative,No,Vulgar,Abusive,Social Sub-groups
image_3820.jpg,Negative,Yes,Not Vulgar,Abusive,Social Sub-groups
image_3821.jpg,Positive,No,Not Vulgar,Non-abusive,Social Sub-groups
image_3822.jpg,Negative,No,Not Vulgar,Non-abusive,None
image_3823.jpg,Negative,No,Not Vulgar,Abusive,Social Sub-groups
image_3824.jpg,Negative,No,Not Vulgar,Non-abusive,Social Sub-groups
image_3825.jpg,Neutral,Yes,Not Vulgar,Non-abusive,Social Sub-groups
image_3826.jpg,Negative,No,Not Vulgar,Abusive,Social Sub-groups
image_3827.jpg,Negative,No,Vulgar,Abusive,Social Sub-groups
image_3828.jpg,Positive,No,Not Vulgar,Non-abusive,Social Sub-groups
image_3829.jpg,Positive,No,Not Vulgar,Non-abusive,Social Sub-groups
image_3830.jpg,Negative,No,Not Vulgar,Abusive,Social Sub-groups
image_3831.jpg,Negative,Yes,Not Vulgar,Abusive,Social Sub-groups
image_3832.jpg,Negative,Yes,Not Vulgar,Abusive,Social Sub-groups
image_3833.jpg,Negative,No,Not Vulgar,Non-abusive,None
image_3834.jpg,Neutral,No,Not Vulgar,Abusive,Social Sub-groups
image_3835.jpg,Negative,No,Not Vulgar,Abusive,Social Sub-groups
image_3836.jpg,Neutral,Yes,Not Vulgar,Non-abusive,Social Sub-groups
image_3837.jpg,Positive,No,Not Vulgar,Non-abusive,Social Sub-groups
image_3838.jpg,Neutral,No,Not Vulgar,Non-abusive,None
image_3839.jpg,Negative,No,Not Vulgar,Abusive,Gender#Social Sub-groups
image_3840.jpg,Positive,No,Not Vulgar,Non-abusive,Social Sub-groups
image_3841.jpg,Neutral,No,Not Vulgar,Non-abusive,Social Sub-groups
image_3842.jpg,Negative,Yes,Not Vulgar,Abusive,Social Sub-groups
image_3843.jpg,Positive,No,Not Vulgar,Non-abusive,None
image_3844.jpg,Negative,No,Not Vulgar,Abusive,Social Sub-groups
image_3845.jpg,Negative,No,Vulgar,Abusive,Social Sub-groups
image_3846.jpg,Negative,No,Not Vulgar,Abusive,Social Sub-groups
image_3847.jpg,Negative,No,Vulgar,Abusive,Gender#Social Sub-groups
image_3848.jpg,Negative,No,Not Vulgar,Abusive,Social Sub-groups
image_3849.jpg,Neutral,No,Not Vulgar,Non-abusive,Individual
image_3850.jpg,Neutral,Yes,Not Vulgar,Non-abusive,Social Sub-groups
image_3851.jpg,Positive,Yes,Not Vulgar,Non-abusive,Social Sub-groups
image_3852.jpg,Negative,No,Not Vulgar,Abusive,Social Sub-groups
image_3853.jpg,Negative,No,Not Vulgar,Abusive,Social Sub-groups
image_3854.jpg,Positive,No,Not Vulgar,Abusive,Social Sub-groups
image_3855.jpg,Negative,No,Not Vulgar,Abusive,Social Sub-groups
image_3856.jpg,Positive,No,Not Vulgar,Non-abusive,Social Sub-groups
image_3857.jpg,Positive,No,Not Vulgar,Non-abusive,None
image_3858.jpg,Positive,No,Not Vulgar,Abusive,Social Sub-groups
image_3859.jpg,Neutral,Yes,Not Vulgar,Abusive,Social Sub-groups
image_3860.jpg,Neutral,Yes,Not Vulgar,Abusive,Social Sub-groups
image_3861.jpg,Negative,No,Not Vulgar,Abusive,Social Sub-groups
image_3862.jpg,Positive,Yes,Not Vulgar,Non-abusive,Social Sub-groups
image_3863.jpg,Negative,Yes,Vulgar,Abusive,Social Sub-groups
image_3864.jpg,Neutral,No,Not Vulgar,Non-abusive,Social Sub-groups
image_3865.jpg,Negative,No,Not Vulgar,Abusive,Social Sub-groups
image_3866.jpg,Neutral,No,Not Vulgar,Abusive,Social Sub-groups
image_3867.jpg,Negative,Yes,Vulgar,Abusive,Social Sub-groups
image_3868.jpg,Negative,No,Not Vulgar,Abusive,Social Sub-groups
image_3869.jpg,Positive,No,Not Vulgar,Non-abusive,None
image_3870.jpg,Negative,Yes,Not Vulgar,Abusive,Social Sub-groups
image_3871.jpg,Positive,No,Not Vulgar,Abusive,Social Sub-groups
image_3872.jpg,Positive,Yes,Not Vulgar,Abusive,Social Sub-groups
image_3873.jpg,Negative,No,Not Vulgar,Abusive,Social Sub-groups
image_3874.jpg,Negative,Yes,Not Vulgar,Abusive,Social Sub-groups
image_3875.jpg,Positive,No,Not Vulgar,Non-abusive,Social Sub-groups
image_3876.jpg,Negative,No,Not Vulgar,Abusive,Social Sub-groups
image_3877.jpg,Negative,No,Not Vulgar,Abusive,Social Sub-groups
image_3878.jpg,Positive,No,Not Vulgar,Non-abusive,Social Sub-groups
image_3879.jpg,Negative,No,Vulgar,Abusive,Social Sub-groups
image_3880.jpg,Negative,No,Not Vulgar,Abusive,Social Sub-groups
image_3881.jpg,Positive,No,Not Vulgar,Non-abusive,Social Sub-groups
image_3882.jpg,Neutral,Yes,Not Vulgar,Abusive,Social Sub-groups
image_3883.jpg,Neutral,Yes,Not Vulgar,Abusive,Social Sub-groups
image_3884.jpg,Positive,No,Not Vulgar,Non-abusive,Social Sub-groups
image_3885.jpg,Negative,No,Vulgar,Abusive,Social Sub-groups
image_3886.jpg,Negative,Yes,Vulgar,Abusive,Social Sub-groups
image_3887.jpg,Negative,No,Vulgar,Abusive,Social Sub-groups
image_3888.jpg,Neutral,No,Not Vulgar,Non-abusive,Social Sub-groups
image_3889.jpg,Neutral,Yes,Not Vulgar,Abusive,Social Sub-groups
image_3890.jpg,Negative,Yes,Not Vulgar,Abusive,Social Sub-groups
image_3891.jpg,Negative,No,Not Vulgar,Abusive,Social Sub-groups
image_3892.jpg,Positive,No,Not Vulgar,Non-abusive,Social Sub-groups
image_3893.jpg,Negative,Yes,Not Vulgar,Abusive,Social Sub-groups
image_3894.jpg,Neutral,No,Not Vulgar,Non-abusive,Social Sub-groups
image_3895.jpg,Neutral,Yes,Not Vulgar,Non-abusive,Social Sub-groups
image_3896.jpg,Positive,No,Not Vulgar,Non-abusive,Social Sub-groups
image_3897.jpg,Positive,Yes,Not Vulgar,Non-abusive,Social Sub-groups
image_3898.jpg,Positive,No,Not Vulgar,Non-abusive,None
image_3899.jpg,Neutral,No,Not Vulgar,Abusive,Social Sub-groups
image_3900.jpg,Negative,No,Not Vulgar,Abusive,Social Sub-groups
image_3901.jpg,Negative,No,Not Vulgar,Non-abusive,None
image_3902.jpg,Neutral,No,Not Vulgar,Non-abusive,Social Sub-groups
image_3903.jpg,Neutral,No,Not Vulgar,Non-abusive,Social Sub-groups
image_3904.jpg,Negative,No,Not Vulgar,Abusive,Social Sub-groups
image_3905.jpg,Negative,Yes,Not Vulgar,Non-abusive,Social Sub-groups
image_3906.jpg,Negative,Yes,Not Vulgar,Abusive,Social Sub-groups
image_3907.jpg,Negative,No,Not Vulgar,Abusive,Social Sub-groups
image_3908.jpg,Negative,Yes,Not Vulgar,Non-abusive,Social Sub-groups
image_3909.jpg,Neutral,No,Not Vulgar,Non-abusive,Social Sub-groups
image_3910.jpg,Neutral,No,Not Vulgar,Non-abusive,Social Sub-groups
image_3911.jpg,Positive,No,Not Vulgar,Non-abusive,Social Sub-groups
image_3912.jpg,Positive,No,Not Vulgar,Non-abusive,Social Sub-groups
image_3913.jpg,Neutral,No,Not Vulgar,Non-abusive,Social Sub-groups
image_3914.jpg,Negative,Yes,Not Vulgar,Abusive,Social Sub-groups
image_3915.jpg,Negative,Yes,Not Vulgar,Abusive,Social Sub-groups
image_3916.jpg,Negative,No,Not Vulgar,Abusive,Social Sub-groups
image_3917.jpg,Neutral,No,Not Vulgar,Non-abusive,None
image_3918.jpg,Positive,No,Not Vulgar,Non-abusive,Social Sub-groups
image_3919.jpg,Negative,No,Not Vulgar,Abusive,Social Sub-groups
image_3920.jpg,Neutral,No,Not Vulgar,Non-abusive,None
image_3921.jpg,Negative,Yes,Not Vulgar,Abusive,Social Sub-groups
image_3922.jpg,Negative,Yes,Not Vulgar,Abusive,Social Sub-groups
image_3923.jpg,Neutral,No,Not Vulgar,Non-abusive,Social Sub-groups
image_3924.jpg,Negative,Yes,Not Vulgar,Abusive,Social Sub-groups
image_3925.jpg,Positive,No,Not Vulgar,Non-abusive,None
image_3926.jpg,Positive,No,Not Vulgar,Non-abusive,Individual
image_3927.jpg,Neutral,Yes,Not Vulgar,Non-abusive,Social Sub-groups
image_3928.jpg,Positive,No,Not Vulgar,Non-abusive,None
image_3929.jpg,Neutral,Yes,Not Vulgar,Abusive,Social Sub-groups
image_3930.jpg,Positive,No,Not Vulgar,Non-abusive,Individual#Social Sub-groups
image_3931.jpg,Positive,No,Not Vulgar,Non-abusive,Social Sub-groups
image_3932.jpg,Negative,Yes,Not Vulgar,Abusive,Social Sub-groups
image_3933.jpg,Positive,No,Not Vulgar,Non-abusive,Social Sub-groups
image_3934.jpg,Positive,No,Not Vulgar,Non-abusive,Social Sub-groups
image_3935.jpg,Positive,Yes,Not Vulgar,Abusive,Social Sub-groups
image_3936.jpg,Negative,Yes,Not Vulgar,Abusive,Social Sub-groups
image_3937.jpg,Neutral,No,Not Vulgar,Abusive,Social Sub-groups
image_3938.jpg,Neutral,Yes,Not Vulgar,Non-abusive,Social Sub-groups
image_3939.jpg,Negative,No,Not Vulgar,Abusive,Social Sub-groups
image_3940.jpg,Negative,No,Not Vulgar,Abusive,Social Sub-groups
image_3941.jpg,Neutral,No,Not Vulgar,Non-abusive,Social Sub-groups
image_3942.jpg,Neutral,No,Not Vulgar,Non-abusive,None
image_3943.jpg,Positive,Yes,Not Vulgar,Abusive,Social Sub-groups
image_3944.jpg,Negative,No,Not Vulgar,Non-abusive,Social Sub-groups
image_3945.jpg,Neutral,No,Not Vulgar,Abusive,Social Sub-groups
image_3946.jpg,Negative,No,Not Vulgar,Abusive,Social Sub-groups
image_3947.jpg,Positive,No,Not Vulgar,Non-abusive,None
image_3948.jpg,Negative,No,Not Vulgar,Abusive,Social Sub-groups
image_3949.jpg,Negative,No,Vulgar,Abusive,Social Sub-groups
image_3950.jpg,Negative,No,Vulgar,Abusive,Social Sub-groups
image_3951.jpg,Neutral,No,Not Vulgar,Abusive,Social Sub-groups
image_3952.jpg,Negative,No,Vulgar,Abusive,Social Sub-groups
image_3953.jpg,Neutral,No,Not Vulgar,Abusive,Social Sub-groups
image_3954.jpg,Neutral,No,Not Vulgar,Non-abusive,Social Sub-groups
image_3955.jpg,Negative,No,Not Vulgar,Abusive,Social Sub-groups
image_3956.jpg,Neutral,No,Not Vulgar,Non-abusive,Social Sub-groups
image_3957.jpg,Neutral,No,Not Vulgar,Non-abusive,Social Sub-groups
image_3958.jpg,Neutral,Yes,Not Vulgar,Non-abusive,Social Sub-groups
image_3959.jpg,Positive,No,Not Vulgar,Non-abusive,Social Sub-groups
image_3960.jpg,Negative,No,Vulgar,Abusive,Social Sub-groups
image_3961.jpg,Negative,No,Vulgar,Abusive,Social Sub-groups
image_3962.jpg,Negative,No,Vulgar,Abusive,Social Sub-groups
image_3963.jpg,Negative,Yes,Vulgar,Abusive,Social Sub-groups
image_3964.jpg,Neutral,No,Not Vulgar,Non-abusive,None
image_3965.jpg,Positive,No,Not Vulgar,Non-abusive,Social Sub-groups
image_3966.jpg,Positive,No,Not Vulgar,Abusive,Social Sub-groups
image_3967.jpg,Negative,No,Not Vulgar,Abusive,Social Sub-groups
image_3968.jpg,Neutral,No,Not Vulgar,Non-abusive,Social Sub-groups
image_3969.jpg,Neutral,No,Not Vulgar,Non-abusive,Social Sub-groups
image_3970.jpg,Neutral,Yes,Not Vulgar,Non-abusive,Social Sub-groups
image_3971.jpg,Neutral,No,Not Vulgar,Non-abusive,None
image_3972.jpg,Neutral,No,Not Vulgar,Non-abusive,Social Sub-groups
image_3973.jpg,Negative,Yes,Not Vulgar,Non-abusive,Social Sub-groups
image_3974.jpg,Positive,No,Not Vulgar,Non-abusive,None
image_3975.jpg,Negative,No,Not Vulgar,Abusive,Social Sub-groups
image_3976.jpg,Negative,No,Vulgar,Abusive,Social Sub-groups
image_3977.jpg,Negative,Yes,Not Vulgar,Abusive,Social Sub-groups
image_3978.jpg,Negative,No,Not Vulgar,Abusive,Social Sub-groups
image_3979.jpg,Neutral,Yes,Not Vulgar,Abusive,Social Sub-groups
image_3980.jpg,Neutral,Yes,Not Vulgar,Abusive,Individual#Social Sub-groups
image_3981.jpg,Positive,Yes,Not Vulgar,Non-abusive,Social Sub-groups
image_3982.jpg,Positive,No,Not Vulgar,Non-abusive,Social Sub-groups
image_3983.jpg,Positive,No,Not Vulgar,Non-abusive,Social Sub-groups
image_3984.jpg,Negative,No,Not Vulgar,Non-abusive,Social Sub-groups
image_3985.jpg,Positive,Yes,Not Vulgar,Non-abusive,Social Sub-groups
image_3986.jpg,Positive,No,Not Vulgar,Non-abusive,Social Sub-groups
image_3987.jpg,Negative,Yes,Not Vulgar,Abusive,Social Sub-groups
image_3988.jpg,Neutral,Yes,Not Vulgar,Abusive,Social Sub-groups
image_3989.jpg,Neutral,No,Not Vulgar,Abusive,Social Sub-groups
image_3990.jpg,Neutral,Yes,Not Vulgar,Abusive,Social Sub-groups
image_3991.jpg,Negative,No,Not Vulgar,Abusive,Social Sub-groups
image_3992.jpg,Positive,Yes,Not Vulgar,Abusive,Social Sub-groups
image_3993.jpg,Negative,No,Not Vulgar,Abusive,Social Sub-groups
image_3994.jpg,Negative,No,Not Vulgar,Abusive,Social Sub-groups
image_3995.jpg,Positive,No,Not Vulgar,Non-abusive,None
image_3996.jpg,Negative,No,Not Vulgar,Abusive,Social Sub-groups
image_3997.jpg,Negative,Yes,Not Vulgar,Abusive,Social Sub-groups
image_3998.jpg,Neutral,No,Not Vulgar,Non-abusive,Social Sub-groups
image_3999.jpg,Neutral,No,Not Vulgar,Non-abusive,None
image_4000.jpg,Negative,No,Not Vulgar,Abusive,Social Sub-groups
image_4001.jpg,Negative,No,Not Vulgar,Non-abusive,Social Sub-groups
image_4002.jpg,Positive,No,Not Vulgar,Non-abusive,Social Sub-groups
image_4003.jpg,Neutral,No,Not Vulgar,Abusive,Social Sub-groups
image_4004.jpg,Neutral,No,Not Vulgar,Non-abusive,Social Sub-groups
image_4005.jpg,Negative,No,Not Vulgar,Abusive,Social Sub-groups
image_4006.jpg,Positive,Yes,Not Vulgar,Non-abusive,Social Sub-groups
image_4007.jpg,Negative,No,Vulgar,Abusive,Social Sub-groups
image_4008.jpg,Positive,No,Not Vulgar,Non-abusive,Social Sub-groups
image_4009.jpg,Negative,Yes,Not Vulgar,Abusive,Social Sub-groups
image_4010.jpg,Neutral,Yes,Not Vulgar,Non-abusive,Social Sub-groups
image_4011.jpg,Neutral,No,Not Vulgar,Non-abusive,Social Sub-groups
image_4012.jpg,Negative,No,Not Vulgar,Abusive,Social Sub-groups
image_4013.jpg,Negative,No,Not Vulgar,Abusive,Social Sub-groups
image_4014.jpg,Positive,Yes,Not Vulgar,Non-abusive,Social Sub-groups
image_4015.jpg,Positive,No,Not Vulgar,Non-abusive,Social Sub-groups
image_4016.jpg,Neutral,No,Not Vulgar,Non-abusive,Social Sub-groups
image_4017.jpg,Neutral,No,Not Vulgar,Abusive,Social Sub-groups
image_4018.jpg,Negative,No,Not Vulgar,Abusive,Social Sub-groups
image_4019.jpg,Negative,No,Not Vulgar,Non-abusive,Social Sub-groups
image_4020.jpg,Neutral,Yes,Not Vulgar,Abusive,Social Sub-groups
image_4021.jpg,Neutral,No,Not Vulgar,Abusive,Social Sub-groups
image_4022.jpg,Neutral,No,Not Vulgar,Non-abusive,Social Sub-groups
image_4023.jpg,Neutral,No,Not Vulgar,Non-abusive,Social Sub-groups
image_4024.jpg,Negative,No,Not Vulgar,Abusive,Social Sub-groups
image_4025.jpg,Positive,No,Not Vulgar,Non-abusive,Gender#Social Sub-groups
image_4026.jpg,Positive,No,Not Vulgar,Non-abusive,Social Sub-groups
image_4027.jpg,Negative,No,Not Vulgar,Abusive,Social Sub-groups
image_4028.jpg,Neutral,No,Not Vulgar,Non-abusive,Social Sub-groups
image_4029.jpg,Neutral,No,Not Vulgar,Non-abusive,Social Sub-groups
image_4030.jpg,Positive,No,Not Vulgar,Non-abusive,Social Sub-groups
image_4031.jpg,Positive,No,Not Vulgar,Non-abusive,Individual
image_4032.jpg,Negative,No,Not Vulgar,Abusive,Social Sub-groups
image_4033.jpg,Positive,No,Not Vulgar,Non-abusive,None
image_4034.jpg,Neutral,Yes,Not Vulgar,Abusive,Social Sub-groups
image_4035.jpg,Negative,No,Vulgar,Abusive,Social Sub-groups
image_4036.jpg,Neutral,No,Not Vulgar,Non-abusive,Social Sub-groups
image_4037.jpg,Neutral,No,Not Vulgar,Non-abusive,Social Sub-groups
image_4038.jpg,Negative,No,Vulgar,Abusive,Social Sub-groups
image_4039.jpg,Negative,Yes,Vulgar,Abusive,Social Sub-groups
image_4040.jpg,Negative,No,Not Vulgar,Abusive,Social Sub-groups
image_4041.jpg,Positive,No,Not Vulgar,Non-abusive,Social Sub-groups
image_4042.jpg,Neutral,No,Not Vulgar,Abusive,Social Sub-groups
image_4043.jpg,Negative,No,Not Vulgar,Abusive,Social Sub-groups
image_4044.jpg,Neutral,No,Not Vulgar,Non-abusive,Social Sub-groups
image_4045.jpg,Positive,Yes,Not Vulgar,Non-abusive,Social Sub-groups
image_4046.jpg,Neutral,Yes,Not Vulgar,Non-abusive,Social Sub-groups
image_4047.jpg,Positive,Yes,Not Vulgar,Non-abusive,Social Sub-groups
image_4048.jpg,Neutral,Yes,Not Vulgar,Abusive,Social Sub-groups
image_4049.jpg,Neutral,No,Not Vulgar,Abusive,Social Sub-groups
image_4050.jpg,Positive,No,Not Vulgar,Non-abusive,Social Sub-groups
image_4051.jpg,Neutral,No,Not Vulgar,Abusive,Social Sub-groups
image_4052.jpg,Neutral,No,Not Vulgar,Abusive,Social Sub-groups
image_4053.jpg,Negative,No,Not Vulgar,Abusive,Social Sub-groups
image_4054.jpg,Neutral,No,Not Vulgar,Non-abusive,None
image_4055.jpg,Negative,No,Not Vulgar,Abusive,Social Sub-groups
image_4056.jpg,Negative,No,Not Vulgar,Non-abusive,Social Sub-groups
image_4057.jpg,Negative,No,Not Vulgar,Abusive,Social Sub-groups
image_4058.jpg,Positive,No,Not Vulgar,Non-abusive,Social Sub-groups
image_4059.jpg,Positive,No,Not Vulgar,Abusive,Social Sub-groups
image_4060.jpg,Negative,No,Not Vulgar,Abusive,Social Sub-groups
image_4061.jpg,Positive,No,Not Vulgar,Non-abusive,None
image_4062.jpg,Negative,No,Not Vulgar,Abusive,Social Sub-groups
image_4063.jpg,Neutral,No,Not Vulgar,Abusive,Social Sub-groups
image_4064.jpg,Neutral,No,Not Vulgar,Non-abusive,Social Sub-groups
image_4065.jpg,Neutral,No,Not Vulgar,Non-abusive,Social Sub-groups
image_4066.jpg,Neutral,No,Not Vulgar,Non-abusive,Social Sub-groups
image_4067.jpg,Negative,No,Vulgar,Abusive,Social Sub-groups
image_4068.jpg,Neutral,Yes,Not Vulgar,Non-abusive,Social Sub-groups
image_4069.jpg,Positive,No,Not Vulgar,Non-abusive,Social Sub-groups
image_4070.jpg,Neutral,No,Not Vulgar,Non-abusive,Social Sub-groups
image_4071.jpg,Neutral,No,Not Vulgar,Non-abusive,Social Sub-groups
image_4072.jpg,Negative,Yes,Not Vulgar,Abusive,Social Sub-groups
image_4073.jpg,Negative,Yes,Not Vulgar,Abusive,Social Sub-groups
image_4074.jpg,Negative,Yes,Not Vulgar,Abusive,Social Sub-groups
image_4075.jpg,Neutral,No,Not Vulgar,Non-abusive,Social Sub-groups
image_4076.jpg,Neutral,Yes,Not Vulgar,Non-abusive,None
image_4077.jpg,Neutral,Yes,Not Vulgar,Non-abusive,Social Sub-groups
image_4078.jpg,Negative,Yes,Not Vulgar,Abusive,Social Sub-groups
image_4079.jpg,Negative,Yes,Vulgar,Abusive,Social Sub-groups
image_4080.jpg,Negative,No,Vulgar,Abusive,Social Sub-groups
image_4081.jpg,Negative,No,Not Vulgar,Abusive,Social Sub-groups
image_4082.jpg,Negative,Yes,Vulgar,Abusive,Social Sub-groups
image_4083.jpg,Positive,Yes,Not Vulgar,Abusive,Social Sub-groups
image_4084.jpg,Negative,No,Not Vulgar,Abusive,Social Sub-groups
image_4085.jpg,Positive,No,Not Vulgar,Non-abusive,Social Sub-groups
image_4086.jpg,Neutral,No,Not Vulgar,Abusive,Social Sub-groups
image_4087.jpg,Negative,No,Not Vulgar,Abusive,Social Sub-groups
image_4088.jpg,Positive,No,Not Vulgar,Non-abusive,Social Sub-groups
image_4089.jpg,Positive,No,Not Vulgar,Non-abusive,Social Sub-groups
image_4090.jpg,Neutral,No,Not Vulgar,Non-abusive,Social Sub-groups
image_4091.jpg,Negative,Yes,Not Vulgar,Non-abusive,Social Sub-groups
image_4092.jpg,Positive,No,Not Vulgar,Non-abusive,Social Sub-groups
image_4093.jpg,Neutral,No,Not Vulgar,Non-abusive,Social Sub-groups
image_4094.jpg,Negative,No,Not Vulgar,Abusive,Social Sub-groups
image_4095.jpg,Negative,No,Not Vulgar,Abusive,Social Sub-groups
image_4096.jpg,Neutral,Yes,Not Vulgar,Non-abusive,Social Sub-groups
image_4097.jpg,Neutral,No,Not Vulgar,Non-abusive,Social Sub-groups
image_4098.jpg,Negative,No,Not Vulgar,Abusive,Social Sub-groups
image_4099.jpg,Negative,No,Vulgar,Abusive,Social Sub-groups
image_4100.jpg,Negative,Yes,Not Vulgar,Abusive,Social Sub-groups
image_4101.jpg,Negative,No,Not Vulgar,Abusive,Social Sub-groups
image_4102.jpg,Neutral,No,Not Vulgar,Abusive,Social Sub-groups
image_4103.jpg,Negative,No,Not Vulgar,Abusive,Social Sub-groups
image_4104.jpg,Negative,No,Not Vulgar,Non-abusive,Social Sub-groups
image_4105.jpg,Neutral,Yes,Not Vulgar,Non-abusive,Social Sub-groups
image_4106.jpg,Positive,No,Not Vulgar,Abusive,Social Sub-groups
image_4107.jpg,Neutral,No,Not Vulgar,Non-abusive,Social Sub-groups
image_4108.jpg,Negative,No,Vulgar,Abusive,Social Sub-groups
image_4109.jpg,Neutral,No,Not Vulgar,Non-abusive,Social Sub-groups
image_4110.jpg,Negative,No,Not Vulgar,Abusive,Social Sub-groups
image_4111.jpg,Neutral,Yes,Not Vulgar,Abusive,Social Sub-groups
image_4112.jpg,Neutral,No,Not Vulgar,Abusive,Social Sub-groups
image_4113.jpg,Positive,No,Not Vulgar,Non-abusive,Social Sub-groups
image_4114.jpg,Neutral,No,Not Vulgar,Non-abusive,Social Sub-groups
image_4115.jpg,Neutral,No,Not Vulgar,Non-abusive,Social Sub-groups
image_4116.jpg,Positive,No,Not Vulgar,Abusive,Social Sub-groups
image_4117.jpg,Negative,Yes,Not Vulgar,Abusive,Social Sub-groups
image_4118.jpg,Negative,No,Not Vulgar,Non-abusive,Social Sub-groups
image_4119.jpg,Negative,Yes,Not Vulgar,Abusive,Social Sub-groups
image_4120.jpg,Neutral,No,Not Vulgar,Non-abusive,Social Sub-groups
image_4121.jpg,Neutral,Yes,Not Vulgar,Non-abusive,Social Sub-groups
image_4122.jpg,Positive,Yes,Not Vulgar,Non-abusive,Social Sub-groups
image_4123.jpg,Negative,No,Not Vulgar,Abusive,Social Sub-groups
image_4124.jpg,Negative,No,Not Vulgar,Abusive,Social Sub-groups
image_4125.jpg,Positive,No,Not Vulgar,Abusive,Social Sub-groups
image_4126.jpg,Positive,No,Not Vulgar,Non-abusive,None
image_4127.jpg,Neutral,No,Not Vulgar,Non-abusive,Social Sub-groups
image_4128.jpg,Neutral,No,Not Vulgar,Non-abusive,Social Sub-groups
image_4129.jpg,Negative,No,Not Vulgar,Abusive,Social Sub-groups
image_4130.jpg,Neutral,No,Not Vulgar,Non-abusive,Social Sub-groups
image_4131.jpg,Positive,No,Not Vulgar,Non-abusive,None
image_4132.jpg,Positive,Yes,Not Vulgar,Non-abusive,Social Sub-groups
image_4133.jpg,Negative,Yes,Not Vulgar,Non-abusive,Social Sub-groups
image_4134.jpg,Negative,No,Not Vulgar,Abusive,Social Sub-groups
image_4135.jpg,Positive,No,Not Vulgar,Non-abusive,Social Sub-groups
image_4136.jpg,Neutral,No,Not Vulgar,Non-abusive,Social Sub-groups
image_4137.jpg,Negative,No,Not Vulgar,Abusive,Social Sub-groups
image_4138.jpg,Negative,Yes,Vulgar,Abusive,Others
image_4139.jpg,Negative,Yes,Not Vulgar,Abusive,Social Sub-groups
image_4140.jpg,Neutral,No,Not Vulgar,Non-abusive,Social Sub-groups
image_4141.jpg,Negative,No,Not Vulgar,Abusive,Social Sub-groups
image_4142.jpg,Negative,No,Not Vulgar,Abusive,Social Sub-groups
image_4143.jpg,Negative,Yes,Vulgar,Abusive,Social Sub-groups
image_4144.jpg,Negative,Yes,Not Vulgar,Abusive,Social Sub-groups
image_4145.jpg,Negative,No,Vulgar,Abusive,Social Sub-groups
image_4146.jpg,Negative,No,Not Vulgar,Abusive,Social Sub-groups
image_4147.jpg,Negative,No,Not Vulgar,Abusive,Social Sub-groups
image_4148.jpg,Negative,Yes,Vulgar,Abusive,Social Sub-groups
image_4149.jpg,Neutral,No,Not Vulgar,Non-abusive,Social Sub-groups
image_4150.jpg,Negative,Yes,Not Vulgar,Abusive,Social Sub-groups
image_4151.jpg,Negative,No,Not Vulgar,Abusive,Social Sub-groups
image_4152.jpg,Negative,No,Not Vulgar,Abusive,Social Sub-groups
image_4153.jpg,Neutral,No,Not Vulgar,Non-abusive,Social Sub-groups
image_4154.jpg,Neutral,No,Not Vulgar,Abusive,Social Sub-groups
